tsl,byd
0.941956399,0.628065978
0.976365397,0.678982411
0.063429362,0.794311091
0.545454545,0.726726806
0.339569415,0.065187072
0.544178991,0.513619252
0.508696586,0.699459094
0.361111111,0.627059149
0.003204751,0.452456384
0.508696586,0.526709625
0.876828935,0.795533671
0.639525328,0.473767218
0.663052209,0.895372596
0.608399109,0.61365583
0.299157236,0.827572938
0.953505215,0.130130898
0.712643678,0.606135181
0.736600652,0.467891614
0.696477994,0.908876298
0.587521243,0.380351856
0.396490366,0.878935401
0.150217339,0.876073501
0.697695091,0.245078107
0.659628944,0.122086213
0.890139092,0.180671925
0.535891117,0.037270411
0.75637164,0.746576012
0.088734541,0.784939653
0.088734541,0.5
0.088734541,0.999813157
0.088734541,0.602196167
0.088734541,0.41592351
0.088734541,0.021086361
0.088734541,0.141019654
0.088734541,0.250128182
0.473767218,0.687153278
0.166729241,0.418037765
0.049594764,0.086804364
0.042959466,0.726172152
0.159934461,0.542150574
0.95461565,0.717720112
0.038567884,0.000439574
0.352114348,0.326991424
0.706398172,0.117956075
0.713486362,0.999992371
0.871089994,0.627111487
0.5,0.279399091
0.511523491,0.205586772
0.966979412,0.5
0.966979412,0.521597335
0.966979412,0.020254259
0.966979412,0.147480016
0.213303404,0.827902385
0.757530355,0.395303839
0.357882563,0.102288696
0.528235233,1.81E-06
0.232751152,0.447507984
0.135613314,0.004206522
0.08345591,0.025191603
0.224565996,0.737201173
0.316617693,0.289234664
0.537597485,0.640751721
0.36022808,0.520968316
0.76329735,0.646890698
0.173422963,0.330135993
0.644718446,0.831843003
0.173422963,0.261277978
0.411281933,0.035450554
0.000731163,0.280152125
0.351145207,0.07779351
0.291562422,0.563758121
0.391807889,0.5
0.088734541,0.013788635
0.088734541,0.014190216
0.883038488,0.16073213
0.776469927,0.379052781
0.338959917,0.557967262
0.005965478,0.191205081
0.004645776,0.421874598
0.5,0.473767218
0.249019597,0.89333988
0.213933714,0.99999964
0.643416901,0.895485396
0.203211346,0.74402962
0.555628073,0.779894738
0.794768011,0.373390688
0.802497445,0.664473142
0.750679846,0.972818217
0.343717151,0.447475661
0.931041175,0.949661977
0.010266432,0.237320582
0.798606069,0.397009775
0.41801683,0.147838493
0.019224701,0.165193794
0.003578614,0.766396368
0.321627529,0.015554166
0.360076715,0.157382274
0.342639222,0.579540838
0.498117292,0.064662943
0.718949348,0.789999471
0.026379715,0.205350473
0.859592974,0.180161261
0.805534132,0.5
0.844376773,0.967388536
0.991475514,0.731122348
0.32825293,0.342988927
0.978801256,0.678994662
0.259377124,0.990997151
0.325438236,0.621472294
0.473767218,0.488844132
0.355362279,0.51227831
0.463602109,0.999969675
0.988458659,0.685433986
0.98346521,0.596137897
0.19741216,0.365700317
0.162205583,0.421936991
0.162205583,0.716992476
0.162205583,0.246688803
0.162205583,0.193208492
0.162205583,0.061121629
0.812668528,0.009759006
0.451657721,0.5
0.842729015,0.964266059
0.810352352,0.60564797
0.689142686,0.605605552
0.041926274,0.619443354
0.093742501,0.997291088
0.09255465,0.791521926
0.845220759,0.679490002
0.636541858,0.219428113
0.761215249,0.18504754
0.434694063,0.938748577
0.957080944,0.748305085
0.506856624,0.57119724
0.496074068,0.634254648
0.5,0.291133087
0.373229797,0.782665336
0.372418455,0.999997441
0.72723806,0.848772488
0.584301788,0.406296537
0.665878126,0.839865196
0.542565753,0.998205975
0.473477602,0.804879171
0.473477602,0.736087133
0.473477602,0.341273846
0.473477602,0.365210639
0.473477602,0.682090809
0.426470588,0.5
0.324943331,0.575327645
0.498334331,0.156993455
0.498334331,0.697756717
0.281599026,0.957130876
0.605733637,0.593988928
0.538569271,0.814969877
0.266979412,0.034816111
0.990298346,0.365725693
0.608143223,0.427424421
0.608143223,0.68636173
0.071612185,0.890142453
0.353267015,0.890142453
0.468016019,0.391354129
0.430228674,0.343091131
0.430815936,0.996664413
0.030762557,0.168030499
0.5,0.238755748
0.798138749,0.904671049
0.878079075,0.900422422
0.132575316,0.645529461
0.256109421,0.994202822
0.389592606,0.21125563
0.447678459,0.005388814
0.06845693,0.191832603
0.473767218,0.868065197
0.514963069,0.023689801
0.38249421,0.496971627
0.059763612,0.990816035
0.5,0.84379389
0.05246517,0.49177231
0.5,0.078727802
0.253739511,0.356675946
0.040833274,0.078727802
0.629707269,0.078727802
0.406074503,0.133352126
0.722117619,0.026401061
0.017437123,0.419793974
0.880339605,0.078727802
0.957956933,0.647887924
0.361146975,0.966487005
0.306530515,0.884580011
0.046243273,0.302469572
0.785291043,0.978224126
0.508696586,0.999586604
0.712651688,0.552807546
0.5,0.156540101
0.006546647,0.556081221
0.088218467,0.788580845
0.935021428,0.892491186
0.119341345,0.015119046
0.473767218,0.122130192
0.020648319,0.999214419
0.75032638,0.40697903
0.991184956,0.000533581
0.746808801,0.081850676
0.81458371,0.503272058
0.152585419,0.425624146
0.178935739,0.970315793
0.408769838,0.985947259
0.631422085,0.206203446
0.030817547,0.503272058
0.026155675,0.999325435
0.246148199,0.2529347
0.353419163,0.128442196
0.300352146,0.293549671
0.22263952,0.069498113
0.162016628,0.991101412
0.359646322,0.947167614
0.00583959,0.991302941
0.806322633,0.667519673
0.651154626,0.80755662
0.188782345,0.108054705
0.936282854,0.99783099
0.544759364,0.110239349
0.395322915,0.27724653
0.188270589,0.676742873
0.170413247,0.893838858
0.996664413,0.246722144
0.30679994,0.84356617
0.637489233,0.519856185
0.05752179,0.762239259
0.174393891,0.694005186
0.539831664,0.503272058
0.146383062,0.503272058
0.219962973,0.240036729
0.168289615,0.009428581
0.682399933,0.566558872
0.857224377,0.503891724
0.5,0.246284703
0.491658343,0.079682351
0.19099653,0.079682351
0.953452736,0.157508249
0.541742605,0.999534894
0.400466784,0.221690427
0.095526872,0.934465662
0.225154337,0.800119923
0.263662962,0.034367285
0.992945399,0.107107882
0.473767218,0.999565532
0.890175008,0.410199129
0.726757903,0.503272058
0.211149311,0.424285735
0.024501352,0.777683189
0.691052258,0.863761326
0.638011706,0.371549174
0.795702209,0.974416979
0.530072814,0.158971211
0.224133568,0.647047698
0.439368711,0.016222393
0.061665444,0.974966412
0.458333333,0.700064389
0.666666667,0.478086138
0.891637921,0.968144748
0.630342092,0.958346061
0.702358967,0.999999519
0.503272058,0.535244231
0.450629296,0.357109672
0.59842767,0.350347628
0.75244604,0.002162174
0.634810553,0.414626658
0.636577641,0.924601914
0.624391824,0.207678869
0.645932637,0.868349808
0.878867598,0.920104997
0.497501304,0.002943126
0.861285719,0.984994943
0.990884942,0.999964583
0.042687327,0.202220855
0.310903822,0.260570695
0.10275264,0.979096857
0.560319639,0.250931407
0.899122593,0.569691667
0.878277873,0.036856017
0.508696586,0.004696653
0.508696586,0.682310112
0.645933918,0.688587492
0.613401516,0.451705753
0.226833154,0.044799857
0.947276199,0.517734974
0.40969985,0.991312477
0.216724849,0.302338156
0.286471138,0.503272058
0.506676239,0.362438116
0.682942741,0.912992946
0.414836636,0.992783314
0.396834285,0.308338155
0.601533239,0.486158692
0.052111287,0.963104305
0.233177492,2.39E-08
0.156344968,0.430535127
0.997812236,0.718731935
0.488455286,0.962734437
0.068233942,0.806456785
0.113032852,0.294254929
0.238558927,0.503272058
0.482447787,0.87265565
0.612707443,0.088491066
0.04248841,0.168670963
0.67640774,0.304931066
0.250255092,0.29301422
0.712298452,0.310728211
0.808857636,0.953446603
0.752534941,0.824749933
0.405456046,0.942591067
0.072379123,0.543770144
0.167527165,0.987398589
0.341423676,0.169146913
0.523708982,0.609115265
0.275849846,0.7814782
0.058172713,0.987812142
0.22361809,0.237837334
0.299630845,0.929252187
0.164527065,0.151037998
0.035299514,0.974084124
0.04453008,0.987683078
0.246484987,0.690405189
0.629399318,0.667519348
0.009557362,0.91319122
0.146583907,0.900934815
0.046319054,0.232665476
0.963937409,0.950620675
0.340419875,0.801127081
0.080824076,0.171273943
0.391948428,0.383780866
0.090785375,0.005661865
0.5,0.554027532
0.038548152,0.814500598
0.990403873,0.182135034
0.191264758,0.59994985
0.353185156,0.126218211
0.353185156,0.5283759
0.353185156,0.285103696
0.353185156,0.469403096
0.353185156,0.343330778
0.353185156,0.839138421
0.353185156,0.999255573
0.353185156,0.441995797
0.353185156,0.336248188
0.353185156,0.546990967
0.353185156,0.331421097
0.353185156,0.190984064
0.353185156,0.825576852
0.353185156,0.711359035
0.353185156,5.44E-05
0.353185156,0.975450314
0.353185156,0.441127882
0.353185156,0.708497343
0.353185156,0.579762342
0.353185156,0.503272058
0.353185156,0.392508585
0.353185156,0.083761597
0.353185156,0.44691797
0.130594045,0.440152845
0.048553196,0.984129986
0.063429362,0.03893794
0.099003256,0.633007581
0.359723643,0.929073085
0.195107781,0.929073085
0.661867847,0.99542532
0.487350685,0.499232439
0.048553196,0.554667646
0.144858012,0.727902129
0.166200241,0.992722783
0.398105941,0.94589557
0.353185156,0.900326205
0.148407078,0.994439442
0.061281986,0.994439442
0.353185156,0.047861692
0.353185156,0.931244049
0.292068188,0.353787529
0.411581043,0.988501752
0.048553196,0.094692244
0.329577804,0.920344335
0.360102239,0.485716564
0.271753514,0.953307054
0.126024797,0.035764337
0.363840312,0.999604793
0.358490566,0.001090678
0.203616373,0.379836861
0.437597847,0.08953783
0.508696586,0.503072373
0.044303612,0.969535544
0.784047283,0.832400632
0.482447787,0.362290808
0.5,0.226173323
0.30005522,0.684448781
0.448544308,0.503272058
0.290950059,0.538225045
0.983363282,0.028584028
0.465517241,0.592811051
0.884871683,0.468099683
0.003010331,0.285515739
0.088485411,0.247520043
0.60394957,0.729033625
0.378896691,0.01198738
0.197893184,0.169378162
0.399348602,0.052825846
0.760768311,0.346708572
0.192927128,0.971033447
0.192927128,0.20741144
0.473767218,0.830170928
0.163891077,0.766743887
0.086524182,0.273559688
0.132021682,0.78228748
0.000211665,0.811434003
0.905578681,0.394505743
0.683937046,0.252015526
0.781651654,0.503272058
0.658254208,0.529494713
0.956096104,0.128442196
0.369836757,0.128442196
0.369836757,0.128442196
0.544178991,0.69515928
0.67207184,0.69515928
0.23146893,0.033832086
0.928978828,0.619779905
0.182703031,0.503272058
,0.075796256
,0.735885017
0.482447787,0.935955877
0.387261159,0.70764961
0.152585419,0.166263564
0.685816753,0.741104629
0.855860246,0.358163779
0.345278755,0.012329873
0.595481839,0.128442196
0.941233934,0.080621317
0.456109684,0.973700457
0.264858809,0.725523871
0.929183888,0.998824149
0.752873563,0.958897312
0.893115476,0.602953889
0.334016832,0.16054168
0.581938714,0.000569667
0.203860906,0.964023646
0.723160373,0.194752185
0.037715638,0.189108979
0.208325144,0.87836649
0.447678459,0.87836649
0.458811275,0.326567337
0.176655516,0.974538712
0.541813434,0.735032439
0.855500524,0.367229377
0.844281779,0.026932342
0.067637086,0.459984029
0.931208215,0.999292167
0.090387226,0.062142321
0.550573579,0.116028391
0.00071987,0.603170986
0.685572392,0.511654552
0.870563037,0.9998539
0.184151973,0.184156264
0.269589989,0.985360779
0.081960934,0.687388444
0.120899537,0.236262082
0.128557962,0.333316048
0.062887546,0.988086727
0.229763715,0.971843071
0.047804894,0.974493222
0.134234711,0.032591664
0.160472756,0.126186656
0.975457642,0.025605841
,0.154024131
0.069352771,0.861057303
0.06260312,0.639352161
0.842178754,0.989634663
0.026240197,0.972585088
0.374495208,0.229797456
0.990280854,0.946596755
0.34375,0.122424954
0.103732389,0.330051515
0.933294426,0.999820874
0.81081313,0.550428054
0.750919556,0.97916752
0.744130006,0.503272058
0.880975732,0.392508585
0.094735616,0.901171806
0.727869956,0.64032797
0.228185678,0.20112322
0.404876628,0.023535308
0.99291147,0.200081968
0.473767218,0.564508933
0.225290157,0.604702099
0.190588786,0.85386932
0.160683818,0.223954084
0.004311023,0.98878706
0.17168183,0.979222204
0.551432544,0.979222204
0.574900896,0.982382241
0.72734133,0.287931808
0.030325672,0.884428033
0.572303364,0.413575303
0.55624947,0.99223601
0.799641991,0.828504154
0.150185692,0.11107358
0.966219336,0.042354554
0.993730843,0.277245663
0.019055383,0.39716016
0.956521739,0.583172354
0.676929349,0.357381086
0.307445604,0.141902997
0.223763623,0.047247801
0.455579962,0.948416803
0.537547051,0.507562279
0.868306757,0.346815921
0.718843442,0.023014892
0.866267476,0.985345423
0.000663504,0.995808563
0.162896317,0.970463095
0.64239477,0.107070476
0.308678163,0.488549685
0.947319289,0.192513236
0.742437089,0.109027101
0.849396801,0.323438987
0.602036898,0.242460179
0.272682916,0.794101213
0.76874247,0.962079731
0.237548035,0.883704816
0.997506368,0.838167039
0.923258461,0.541512041
0.5,0.739314261
0.924812049,0.672065143
0.714261181,0.974056135
0.879432809,0.872200975
0.115917919,0.353578365
0.02000593,0.954028844
0.508027686,0.948669024
0.36797859,0.816660748
0.36797859,0.950604975
0.520677289,0.716681791
0.23266381,0.999486964
0.911560279,0.702203287
0.629228767,0.702203287
0.415619167,0.816450241
0.380571711,0.170005795
0.032262833,0.079904349
0.889181159,0.345961696
0.074403091,0.99933351
0.443444751,0.349390053
0.925473627,0.999973228
0.514636133,0.000190737
0.975066769,0.457792403
0.6895027,0.999862942
0.947663965,0.000617874
0.829548605,0.902363446
0.994520944,0.920960223
0.450127781,0.095995857
0.872613642,0.508855115
,0.003752057
0.518710815,0.995276331
0.464400182,0.197293312
0.365669297,0.999976617
0.04763415,0.84422803
0.054215715,0.008610072
0.085685043,0.243964232
0.147349112,0.558096613
0.508696586,0.856375071
,0.999972487
0.934717967,0.000554419
0.42403098,0.998483523
0.452719017,0.704295361
0.999303815,0.092583072
0.5,0.80352744
0.621528875,0.130679898
0.220519338,0.518916522
0.220519338,0.503272058
0.320504594,0.834524098
0.262029305,0.984226497
0.96512497,0.028241467
0.751766934,0.09910339
0.541869587,0.909063655
0.779192822,0.965030214
0.312369233,0.778861061
0.925929183,0.141588818
0.473767218,0.949216895
0.500211665,0.949216895
0.206020514,0.736608132
0.730785693,0.01583372
0.653872697,0.936446137
0.481154938,0.048913228
0.930955462,0.828611332
0.418245604,0.896352221
0.840121302,0.366800445
0.956521739,0.251477664
0.989091767,0.569045389
0.972382863,0.594592845
0.994821104,0.770570231
0.980524704,0.037894587
0.96424738,0.946225186
0.772159103,0.98168768
0.990770864,0.737195613
0.997457419,0.354523828
0.989686027,0.718126087
0.999841996,0.662658213
0.462093346,0.599748951
0.998337866,0.637285475
0.967677197,0.572434304
0.939065044,0.040204221
0.528170198,0.952533601
0.980886543,0.956649267
0.949614976,0.956649267
0.951894251,0.956649267
0.948620871,0.956649267
0.975570133,0.956649267
0.402988722,0.956649267
0.881345096,0.956649267
0.274268052,0.956649267
0.422553049,0.956649267
0.797606655,0.956649267
0.522701514,0.956649267
0.550745154,0.176132665
0.600300913,0.924156869
0.002283606,0.349645909
0.999689273,0.404679352
0.263861687,0.866476905
0.648215235,0.570531769
0.620833447,0.57865887
0.586209109,0.995780285
0.01187886,0.750411173
0.029037666,0.708860145
0.783638546,0.498811767
0.994859309,0.940143201
0.856548039,0.721234895
0.334898214,0.991361635
0.149192123,0.8233529
0.286953366,0.8233529
0.892007794,0.8233529
0.029514289,0.148885702
0.047470861,0.5
0.780674006,0.525113169
0.121188557,0.976387227
0.394736877,0.990065868
0.241183613,0.981746583
0.006489695,0.668035916
0.024864857,0.265492686
0.01526612,0.999406944
0.000908315,0.676929349
0.308295671,0.002135832
0.025625165,0.031191498
0.050169587,0.760835679
0.064229657,0.741653043
0.012254539,0.385720487
0.685653555,0.003891778
0.048722039,0.099689571
0.912025435,0.400224757
0.154869924,0.390357182
0.044272675,0.567526554
0.010884573,0.01790888
0.002940093,0.332644178
0.012554139,0.080411553
0.157420171,0.104637988
0.040919142,0.177954004
0.08111764,0.822001475
0.431231939,0.188845595
0.046779581,0.432772218
0.157977626,0.334683928
0.087644474,0.97719311
0.057365605,0.818049206
0.169943785,0.999707701
0.513692874,0.772590885
0.795291161,0.946124974
0.985386007,0.422495266
0.248137888,0.650879972
0.870173229,0.287541963
0.001938044,0.339356187
0.599701062,0.008320872
0.015729058,0.587739508
0.01421494,0.325204632
0.378585452,0.861213235
0.796407145,0.861213235
0.926680477,0.978769708
0.273972603,0.861213235
0.680281797,0.861213235
0.64500367,0.861213235
0.195943131,0.861213235
0.333976762,0.861213235
0.411493533,0.862770245
0.611186483,0.941930105
0.785643622,0.848023065
0.206666491,0.358775619
0.28273062,0.011595188
0.69347741,0.999655787
0.863809653,0.984128777
0.80527864,0.875956308
0.766280412,0.81637772
0.427976902,0.70604348
0.604493816,0.136904132
0.993544225,0.711246201
0.429303024,0.747539805
0.398814003,0.931513678
0.160946523,0.518243598
0.349617661,0.48287194
0.999838951,0.016467764
0.25855972,0.529227694
0.25855972,0.117431344
0.397227734,0.940172553
0.089515919,0.108962084
0.831201788,0.846506375
0.326128534,0.798573727
0.175215966,0.532892172
0.069692581,0.813732191
0.124605646,0.893147429
0.222882266,0.508696586
0.65,0.508696586
0.552434538,0.508696586
0.749164103,0.396093382
0.529494713,0.511967282
0.000211665,0.000192098
0.584259375,0.793979513
0.867883472,0.520677289
0.07094415,0.832378139
0.063054156,0.569622081
0.646093834,0.80268
0.382482833,0.284602698
0.760284566,0.5
0.724240598,0.177878505
0.339320946,0.118698659
0.952600269,0.990706786
0.234362954,0.508696586
0.185642283,0.069851682
0.014169,0.353185156
0.844545002,0.353185156
0.112102373,0.353185156
0.668490108,0.353185156
0.959574722,0.273339271
0.495946656,0.503782146
0.455541356,0.960650658
0.831231912,0.51958052
0.693963202,0.333381109
0.709855232,0.33372865
0.709855232,0.776480727
0.85732343,0.42442601
0.2033932,0.164653351
0.473164977,0.239455764
0.963750109,0.235217244
0.626669311,0.578312128
0.962918643,0.508696586
0.480970473,0.206574845
0.000544698,0.126401816
0.177488957,0.382103232
0.565372424,0.223944452
0.653578694,0.420558754
0.069679521,0.420558754
0.960686734,0.420558754
0.373134328,0.032704464
0.076818959,0.387022685
0.900209616,0.921241816
0.257472451,0.615646663
0.711985554,0.317667243
0.463476997,0.458583718
0.976787223,0.018462714
0.484012159,0.058479653
0.292449115,0.027570646
0.65364695,0.085541036
0.59321836,0.948115087
0.929634072,0.9
0.876027661,0.072387119
0.669594222,0.029002055
0.036235544,0.126984127
0.588819704,0.998495556
0.951002957,0.397612464
0.895577883,0.974567001
0.410257343,0.290312374
0.200666872,0.995090512
0.898387895,0.575632725
0.973183258,0.676122931
0.135804926,0.77884168
0.372827502,0.565764484
0.070878996,2.75E-07
0.175305863,0.006359485
0.404137024,0.995572762
0.543634163,0.115974384
0.579249371,0.684490447
0.46489572,0.003034591
0.172950101,0.490600387
0.052321399,0.965579299
,0.87748065
0.883647712,0.925251087
0.320189827,0.197822667
0.310416094,0.070421108
0.183715493,0.010131643
0.314432534,0.642992129
0.330211036,0.278087202
0.702121708,0.963317014
0.61862501,0.086988448
0.472256282,0.246640222
0.783909904,0.023546516
0.004141791,0.991051818
0.597744998,0.250333741
0.745286141,0.924699498
0.377132736,0.794553216
0.916960402,0.333415863
0.476128214,0.592710863
0.007670769,0.98803012
0.167223336,0.573680531
0.552245277,0.900469036
0.161387419,0.184011739
0.386785507,0.173632759
0.947790093,0.153769453
0.128171747,0.626366553
0.498920759,0.996913736
0.15770423,0.323359869
0.003336566,0.248527894
0.484444444,0.047928255
0.499513029,0.907759183
0.491976915,0.019296742
0.655502633,0.996969541
0.288157444,0.083468552
0.547442567,0.371090658
0.949433832,0.10293694
0.959872067,0.61954196
0.14157318,0.393757788
0.84580711,0.330347682
0.983375435,0.898875721
0.96809292,0.068825281
0.126019622,0.030302214
0.991729424,0.004420082
0.446377469,0.757549107
0.722861029,0.118963626
0.667716276,0.32535955
0.794371425,0.343977109
0.981196339,0.760150532
0.948880135,0.400317347
0.138386969,0.337645011
0.163164674,0.452747245
0.585911173,0.466950694
0.490317712,0.936035538
0.497732109,0.25247838
0.055656999,0.116672021
0.12235982,0.781489492
0.305906172,0.890960862
0.172329386,0.780386659
0.828882047,0.154121951
0.985642088,0.020847583
0.00687169,0.892279904
0.904053261,0.183275789
0.868421053,0.776628204
0.868421053,0.95776057
0.868421053,0.2
0.868421053,0.5
0.639386923,0.001399728
0.994995722,0.846969497
0.121693134,0.180352479
0.975134927,0.763975155
0.999278312,0.335834042
0.97249257,0.190597592
0.786350728,0.5
0.6420511,0.5
0.215565764,0.0707009
0.077134683,0.833333333
0.422209589,0.209707405
0.402121084,0.34375
0.715337054,0.34375
0.556353611,0.490877824
0.907886103,0.906218228
0.378186891,0.553154924
0.687229654,0.553154924
0.353185156,0.610059571
0.387496239,0.814437488
0.229399437,0.010144912
0.896420306,0.921000521
0.305362586,0.506653841
0.86820487,0.867544107
0.065221906,0.045861391
0.473767218,9.41E-05
0.625215837,0.71781023
0.625215837,0.04637078
0.019502941,0.033491693
0.676929349,0.999918297
0.438271548,0.043891753
0.357113353,0.059447389
0.436042576,0.368098956
0.750722518,0.052946745
0.710044871,0.697620553
0.501576815,0.905895896
0.614183091,0.281462164
0.006144777,0.170461865
0.781357737,0.707795269
0.182816067,0.863281934
0.484444444,0.230813356
0.008066378,0.689852263
0.034519467,0.483083936
0.117550462,0.274609209
0.183552179,0.630495336
0.839746798,0.90807037
0.164654118,0.98451221
0.281823998,0.523471178
0.818899491,0.241829537
0.244228964,0.346989346
0.001451938,0.122638125
0.841679106,0.023433717
0.490641528,0.30005522
0.421874598,0.416666667
0.058346752,0.68514186
0.5,0.865985604
0.852291752,0.059295552
,0.004572069
,0.000189234
,0.24890125
,0.679974302
0.388184528,0.818055858
0.002014359,0.999172094
0.385796658,0.661032142
0.644592742,0.003926786
0.676929349,0.999983122
0.5,0.999983122
0.882173391,0.2
,0.2
0.19281079,0.239191019
0.182378316,0.394024039
0.281886381,0.614759981
0.329319975,0.067490966
0.373134328,0.271338043
0.373134328,0.437261384
0.959842782,0.43683181
0.722326802,0.402139574
0.755143198,0.169281745
0.560253954,0.611444226
0.649580259,0.218919911
0.261318952,0.945507798
0.711246201,0.956418302
0.711246201,0.5
0.248485823,0.043823247
0.882882936,0.05591962
0.899665552,0.919609404
0.094043952,0.998438164
0.474139322,0.556617614
0.298285897,0.960702991
0.23082834,0.863352921
0.247776306,0.604234157
0.833717226,0.04403979
0.622108514,0.476613559
0.430431867,0.780277602
0.257172308,0.067041865
0.942591067,0.05968626
0.915998936,0.900448988
0.783717782,0.986671456
0.972878856,0.671767849
0.013439643,0.486925012
0.084632302,0.833511478
0.000211665,0.301091479
0.543049765,0.025206875
0.754515982,0.082866989
0.093004572,0.940107922
0.045148506,0.929753566
0.037737717,0.594623458
0.667593072,0.845298739
0.624908825,0.699189061
0.734834479,0.908929187
0.401280926,0.181779074
0.103079299,0.253865293
0.151977423,0.483954119
0.140724629,0.5
0.003312175,0.888067162
0.219723407,0.916241515
0.058337998,0.89227095
0.070317244,0.473767218
0.030425212,0.241938315
0.516802462,0.62031524
0.516802462,0.000531447
0.646584087,0.452554745
0.59771799,0.009056055
0.496255544,0.113759462
0.115964719,0.5
0.373959908,0.077696624
0.364638417,0.549270855
0.83642484,0.227494088
0.834342978,0.691255372
0.594866476,0.512409498
0.45533549,0.298981763
0.510520066,0.3188734
0.766648196,0.50951717
0.21944878,0.300659394
0.818126744,0.000657851
0.031313871,0.497861824
0.008104316,0.471583235
0.935390224,0.444680178
0.356884432,0.265697412
0.951938312,0.319708121
0.33582061,0.118519297
0.526232782,0.613527792
0.374450258,0.235466734
0.416593777,0.40161308
0.312824876,0.33423913
0.083840778,0.740679222
0.237638523,0.84188137
0.262696499,0.268636839
0.277404922,0.161888953
0.371646487,0.036917349
0.255101407,0.935901405
0.138139537,0.128313648
0.567329155,0.810353185
0.638217176,0.995564265
0.011607898,0.990852202
0.421239841,0.972725096
0.420954446,0.761089239
0.723754815,0.923315945
0.372623574,0.951938312
0.218720734,0.998341697
0.559583027,0.984610173
0.492952656,0.939065044
0.893404951,0.951938312
0.046946941,0.889426107
0.089983416,0.631552381
0.708010113,0.017357261
0.476713547,0.626032903
0.526324568,0.172826042
0.215358683,0.938317385
0.738868587,0.213996212
0.035202425,0.238906993
0.999983634,0.713613346
0.976268892,0.957968384
0.024210491,0.171008796
0.560973227,0.811501752
0.427436139,0.107206576
0.060323178,0.731639015
0.571332705,0.549019608
0.630122001,0.697190126
0.430228674,0.281362961
0.095578899,0.391813668
0.957862839,0.791039763
0.443102338,0.274714777
0.313442385,0.176927313
0.648347382,0.29553606
0.171601577,0.345891338
0.602654121,0.982391734
0.057072711,0.311020816
0.325379121,0.45770976
0.343329217,0.281522099
0.372854859,0.712123578
0.64399093,0.718650591
0.051860848,0.231579249
0.854477796,0.135588337
0.070606513,0.017292247
0.203916707,0.786528912
0.027906884,0.555452909
0.321478634,0.320610218
0.314091443,0.005595195
0.082245411,0.960516175
0.267753039,0.860675662
0.113779401,0.967015691
0.141861253,0.039476685
0.013779341,0.901046281
0.193934196,0.794672299
0.029558374,0.112699726
0.375533942,0.657893846
0.330935252,0.885563433
0.446152952,0.633608272
0.176155022,0.554446567
0.421793394,0.000976231
0.967323512,0.999992281
0.307247059,0.042512422
0.086231756,0.367031074
0.002448202,0.764065719
0.099185309,0.960234203
0.741223372,0.115212206
0.168613741,0.111273391
0.102498438,0.693636038
0.048121632,
0.825717554,0.564311458
0.358868036,0.933819701
0.270244374,0.142209959
0.163596363,0.52238419
0.824114649,0.743914955
0.141004194,0.19657181
0.151498084,0.386923132
0.355476976,0.999940508
0.116996835,0.001300585
0.16062969,0.046980393
0.994598838,0.028321345
0.987696317,0.073440086
0.812668805,0.387147619
0.75,0.901029029
0.480970473,0.762506835
0.060435591,0.997617425
0.099959907,0.000297257
0.027363918,0.001665639
0.010152701,0.446660602
0.999791911,0.234682046
0.997930799,0.17797735
0.997930799,0.968100036
0.174091089,0.513057332
0.403065181,0.086192683
0.290950059,0.36400818
0.280265514,0.033978671
0.489619328,0.255714927
0.105727206,0.448009729
0.996918232,0.039882814
0.054377583,0.419095535
0.028087012,0.230258924
0.12579296,0.987527666
0.330935252,0.867651205
0.988229165,0.720468766
0.94815239,0.311841129
0.52303523,0.167054426
0.087568027,0.559318496
0.770793824,0.173332199
0.330248566,0.05931049
0.088523751,0.087345674
0.105254605,0.995745609
0.482889734,0.114334595
0.01510242,0.428977951
0.059292601,0.094162278
0.299207543,0.754011342
0.152585419,0.372217077
0.419336631,0.113248616
0.419851308,0.439415553
0.308362094,0.137751365
0.095842787,0.152740359
0.57851324,0.755409007
0.313315717,0.439415553
0.057407701,0.276058117
0.93537919,0.013927902
0.371273172,0.425655382
0.757930342,0.914659087
0.987923183,
0.981065054,0.808485477
0.972382863,0.833714073
0.213570178,0.386165986
0.021246095,0.175407018
0.099129643,0.421920167
0.586381891,0.9248431
0.677783109,0.994690041
0.330248566,0.992409576
0.847768609,0.622680092
0.508696586,0.907933851
0.03316814,0.535088316
0.25,0.428571429
0.179075707,0.069679172
0.284602698,0.048583381
0.74795827,0.403065181
0.128514914,0.947596918
0.498454861,0.75
0.022505251,0.02354785
0.035179129,0.717295933
0.426075851,0.294418457
0.900029962,0.733789553
0.426824166,0.52556444
0.504290646,0.093471584
0.655790369,0.649249551
0.542234449,0.025337929
0.176813711,0.982819055
0.315612204,0.96354516
0.001844143,0.56122879
0.70235369,0.516258821
0.000273978,0.930675176
0.101231487,0.575797168
0.878963558,0.272257979
0.135915679,0.026915817
0.029329104,0.279641371
0.730724387,0.937348543
0.276456719,0.999697502
0.336436214,0.729450266
0.00228009,0.932152265
0.248755938,0.468602451
0.637266088,0.504446714
0.471301808,0.320937629
0.100219433,0.693963202
0.117027518,0.885796796
0.462520098,0.98491503
0.061463319,0.98803206
0.272248376,0.988433149
0.614905014,0.996436692
0.762729033,0.462483642
0.603827832,0.176040174
0.918977116,0.532184687
0.36026294,0.532184687
0.641022018,0.538881995
0.850302154,0.562149801
0.045578815,0.681818182
0.297787556,0.99495637
0.710357557,0.289961014
0.95376195,0.539228022
0.001716385,0.494752089
0.057156721,0.494752089
0.4258139,0.073263565
0.380586191,0.044533167
0.387802338,0.071242372
0.075900678,0.067451394
0.861918084,0.957607013
0.250544735,0.364693543
0.709287923,0.587437956
0.992260543,0.948229135
0.354788651,0.049220943
0.382391157,0.931575808
0.532477393,0.029202023
0.67955079,0.778571039
0.764169013,0.641335022
0.554008036,0.338220044
0.554008036,0.990155027
0.834825904,0.047233097
0.308560219,0.919396226
0.70470911,0.992947714
0.889775323,0.310598546
0.701978208,0.949520273
0.93505669,0.934935294
0.754718022,0.267280769
0.773736195,0.880361873
0.558890509,0.784498776
0.587521243,0.725745039
0.99243148,0.143959406
0.798075191,0.819797967
0.465027631,0.412456667
0.191571035,0.052991119
0.715190236,0.258649326
0.368145989,0.641598706
0.014152546,0.283948495
0.316418917,0.13795388
,0.961317248
0.900605152,0.058563146
0.5,0.5
0.525282342,0.440723569
0.017166874,0.234042969
0.446283841,0.234042969
0.437597847,0.164808536
0.440690151,0.340529348
0.746150182,0.902748681
0.152353004,0.89184172
0.32655665,0.327921243
0.028626903,0.16790878
0.354071434,0.644901725
0.991489474,0.011103928
0.03689541,0.782324206
,0.430202476
0.337048266,0.724100641
0.020911324,0.98868538
0.108962084,0.392329879
0.011182549,0.684812025
0.429141459,0.107364419
0.323772411,0.998817676
0.39451142,0.994206063
0.850045984,0.999999996
,0.78230601
0.166916829,0.680800204
0.678310008,0.129329331
0.068185552,0.049563276
0.563311706,0.160045016
0.473767218,0.907385831
0.91693345,0.424218129
0.625969239,0.412778586
0.373253315,0.58636809
0.988746859,0.95992587
0.867113262,0.635618147
0.235228947,0.073936711
0.916938343,0.010709943
0.903315352,0.409620529
0.472172058,0.533971108
0.916991294,0.003637242
0.5,0.935228519
0.183927004,0.658947254
0.5,0.890900588
0.7221518,0.999890816
0.787364868,0.995607896
0.42997044,0.943911535
0.547779847,0.923501042
0.66919356,0.152585419
0.038030264,0.307775477
0.541712599,0.152585419
0.34038333,0.024774859
0.399896909,0.721227446
0.275952799,0.97106291
0.234130778,0.995675404
0.737382574,0.335411574
0.007639584,0.41148013
0.712298452,0.913069909
0.712298452,0.448215123
0.712298452,0.448215123
0.566286475,0.552555538
0.512470176,2.82E-05
0.42621599,0.999865851
0.767228062,0.273458351
0.272141465,0.929975597
0.357840679,0.784805021
0.623699338,0.002512367
0.930706807,0.783107404
0.878809094,0.000154625
0.913410677,0.165899076
0.141815005,0.136583731
0.525973245,0.651550125
0.585179731,0.168042121
0.744231951,0.018528239
0.016341731,0.029658041
0.709287923,0.247694496
0.697692897,0.749157125
0.725468357,0.287254147
0.088323037,0.893360715
0.088323037,0.915136218
0.088323037,0.194129637
0.278176481,0.964425214
0.999137828,0.801728931
0.939209339,0.733105041
0.68609141,0.201491136
0.357648626,0.951757276
0.727749103,0.573643411
0.027736623,0.724859613
0.869909415,0.717362558
0.712298452,0.555782954
0.166457751,0.689207448
0.786270237,0.980798883
0.799820859,0.940172553
0.123983786,0.034862606
0.838574854,0.9515261
0.411724335,0.038344115
0.98572368,0.065064764
0.318994205,0.01863218
0.5407518,0.002864738
0.473767218,0.125762322
0.049784819,0.432022646
0.755144198,0.279048267
0.352962314,0.341310476
0.573451491,0.583812827
0.388622964,0.00071243
0.084302464,0.068463093
0.23082834,0.973370023
0.933630593,0.75
0.256714802,0.572065946
0.999790197,0.537446691
0.88457032,0.65594559
0.996890197,0.75166815
0.86383615,0.559679577
0.099952666,0.47063383
0.099952666,0.797419005
0.099952666,0.539253232
0.041942641,0.539253232
0.994406424,0.710868733
0.127358307,0.728865757
0.956007308,0.547789823
0.956007308,0.811283182
0.956007308,0.982713586
0.956007308,0.705030908
0.956007308,0.914864537
0.956007308,0.004776855
0.956007308,0.998520903
0.956007308,0.63709025
0.956007308,0.438015755
0.956007308,0.91713264
0.956007308,0.211924473
0.956007308,0.314053987
0.956007308,0.473767218
0.956007308,0.017852812
0.956007308,0.06688886
0.956007308,0.062299029
0.956007308,0.608237579
0.956007308,0.529098621
0.956007308,0.134836646
0.956007308,0.221439025
0.93358952,0.977010936
0.25,0.5
0.736600652,0.904765807
0.284602698,0.473767218
0.456007308,0.890784754
0.384310925,0.944919554
0.025838352,0.356090863
0.12280597,0.275400022
0.508696586,0.224364436
0.993780974,0.029869623
0.513819446,0.496958949
0.186308386,0.675492346
0.596227582,0.686935626
0.511967282,0.561548479
0.491138962,0.046731398
0.25,0.018691631
0.25,0.711246201
0.25,0.734886925
0.25,0.006832704
0.25,0.293299914
0.25,0.835419436
0.25,0.921909933
0.172822653,0.109944462
0.99851888,0.165429231
0.324581394,0.414306732
0.580865917,0.38920553
0.061275125,0.899360663
0.115288193,0.860855793
0.463602109,0.103750655
0.761878107,0.229155043
0.742303626,0.25240288
0.525560217,0.509678089
0.337309903,0.337285974
0.337309903,0.408993529
0.834829797,0.383742596
0.890142453,0.003171165
0.998883774,0.260988844
0.508696586,0.621317278
0.600928501,0.277022848
0.182820487,0.706399993
0.685943593,0.5
0.97042384,0.10387609
0.361858368,0.602459016
0.274162274,0.507088498
0.736600652,0.284443365
0.736600652,0.871005155
0.736600652,0.571428571
0.736600652,0.45985833
0.846914852,0.48103044
0.949036673,0.798963845
0.559270805,0.335418115
0.559270805,0.799033034
0.482447787,0.695382295
0.482447787,0.473767218
0.22134021,0.699888675
0.22134021,0.779188246
0.009772879,0.977694348
0.545734331,0.045020645
0.611512958,0.996552933
0.048461926,0.359649123
0.341760695,0.787701295
0.64749257,0.9375
0.482447787,0.358522006
0.490321221,0.028631191
0.013263993,0.169121925
0.016012644,0.689482246
0.215251664,0.553154924
0.595310488,0.871091412
0.068062212,0.77835988
0.390041494,0.998143563
0.903471468,0.966252743
0.844342959,0.990051112
0.819926977,0.895514432
0.574355276,0.002518595
0.71895655,0.845170939
0.254085732,0.995624177
0.596310526,0.948166072
0.121497058,0.062559574
0.452137268,0.407301429
0.602680617,0.100427948
0.021097213,0.871005155
0.000514113,0.727241624
0.148506533,0.825618589
0.746613639,0.937992718
0.746613639,0.929074609
0.00236225,0.669568832
0.191767545,0.212709918
0.99352223,0.629117198
0.182442463,0.33582061
0.439607428,0.892828857
0.053042002,0.911143844
0.330248566,0.000108848
0.941112305,0.912573178
0.193792672,0.367510537
0.581501773,0.283502254
0.518105732,0.817931796
0.330248566,0.036342615
0.281556378,0.07399908
0.467879591,0.938392569
0.295615185,0.587082376
0.126232322,0.102107462
0.187184761,0.843282587
0.5,0.84309234
0.5,0.477777778
0.99495743,0.273925137
0.740558024,0.429286761
0.560248006,0.555282404
0.5,0.473767218
0.479774484,0.108520793
0.949494258,0.859777841
0.889987022,0.730478236
0.99754603,0.196492916
0.153122437,0.423347716
0.476351351,0.674175703
0.394087983,0.99515821
0.336583392,0.99515821
0.126892108,0.979617648
0.744200053,0.524398239
0.488714148,0.912304366
0.639505812,0.404337169
0.350545525,0.309082083
0.155928159,
0.647138588,0.835436055
0.317375331,0.442338122
0.76512025,0.473767218
0.595569363,0.353185156
0.740257155,0.353185156
0.989275893,0.001480999
0.111429693,0.981960411
0.420373701,0.029139521
0.632366308,0.996110817
0.57912923,0.045163225
0.5381818,0.919508757
0.178293142,0.022564507
0.137376237,0.036523445
0.125957987,0.524246611
0.634838034,0.113957665
0.017726817,0.613633992
0.376084992,0.278417401
0.999662514,0.222094735
0.325211264,0.360836828
0.375021334,0.980767322
0.458279761,0.533922788
0.108962084,0.086855951
0.108962084,0.633914046
0.108962084,0.627287304
0.108962084,0.959259145
0.108962084,0.486933465
0.108962084,0.00462112
0.108962084,0.287549426
0.769069427,0.849665056
0.801223435,0.809619729
0.501409497,0.967834922
0.474053364,0.222510656
0.874863782,0.728328452
0.663453727,0.088213748
0.882352941,0.440605559
0.449506203,0.013411611
0.007669766,0.325087227
0.5,0.329000077
0.167042244,0.508696586
0.422812349,0.754761094
0.331917359,0.819278459
0.594813272,0.082193386
0.682648363,0.038532621
0.881671285,0.649484536
0.087754765,0.69039063
0.363844762,0.683058621
0.75,0.316228193
0.943693326,0.475197657
0.924001147,0.015410474
0.228297944,0.705486481
0.491138962,0.581501773
0.602296835,0.834029651
0.293432925,0.020446248
0.127122948,0.095626236
0.030157822,0.181304296
0.508675799,0.234042969
0.548818006,0.395917534
0.333333333,0.216607898
0.501522114,0.126984127
0.341646469,0.126984127
0.810653068,0.126984127
0.809361478,0.423927674
0.027881105,0.53732732
0.228520509,0.526709625
0.163523581,0.042614619
0.292625114,0.669393735
0.609041503,0.291575999
0.533742331,0.007976087
0.787358844,0.044096159
0.160725921,0.636005643
0.508696586,0.643264952
0.998330237,0.267025561
0.38153077,0.893900384
0.6,0.354840874
0.035797458,0.646608656
0.5,0.167257716
0.482447787,0.980550818
0.086694632,0.175886618
0.600736737,0.527924233
0.390660972,0.189201496
0.683688328,0.791555077
0.307310041,0.016663281
0.227285625,0.166508611
0.124129507,0.608606652
0.417783423,0.488836637
0.107385758,0.71490813
0.093884968,0.477703872
0.422545143,0.508696586
0.65052999,0.340241784
0.4967342,0.982912507
0.346372438,0.124179859
0.473767218,0.347164031
0.524491705,0.480410259
0.624045525,0.742454109
0.206604289,0.343001141
0.548697633,0.13649984
0.417492155,0.182969174
0.525113169,0.080529002
0.298148925,0.907171014
0.168492442,0.026876407
0.428734514,0.14446731
0.693286555,0.121494187
0.537597485,0.197043353
0.647932655,0.576960515
0.817792591,0.347554483
0.508696586,0.003051829
0.437597847,0.913219057
0.870203716,0.803171213
0.533449765,0.260854239
0.503847778,0.758275672
0.456734631,0.563058862
0.5,0.748223545
0.505853807,0.479207789
0.340570813,0.547681762
0.311744396,0.517292786
0.403912146,0.999999829
0.972725096,0.411299545
0.508016681,0.02894342
0.139494715,0.795566857
0.541712599,0.740764779
0.482447787,0.940181477
0.105628154,0.668844845
0.837052786,0.136353093
0.525360561,0.24669351
0.359461667,0.999997719
0.5,0.403145293
0.318696526,0.5
0.115272847,0.725414706
0.25,0.584576992
0.126793914,0.020802086
0.456734631,0.406388184
0.454216215,0.952754895
0.755846432,0.934169186
0.478588574,0.99057347
0.070749436,4.60E-05
0.143654097,0.966857948
0.313215414,0.03395455
0.348912843,0.122369383
0.348912843,0.161760543
0.23004934,0.084089348
0.005566618,0.413005962
0.294117647,0.980980066
0.340057738,0.33948684
0.878672195,0.33948684
0.152585419,0.888360587
0.136626869,0.743380577
0.354290379,0.526232782
0.866654312,0.17782982
0.119914991,0.642121397
0.915436104,0.189480161
0.522316043,0.998183336
0.605118467,0.205882353
0.035259214,0.615169392
0.336950451,0.75
0.041906839,0.015025775
0.456458572,0.7786619
0.237279407,0.141204362
0.898685748,0.045033354
0.202085737,0.019113676
0.281991745,0.975989351
0.113909537,0.547884433
0.662777807,0.383282551
0.02472583,0.554081528
0.5281129,0.964709668
0.205971834,0.652856384
0.976330858,0.562668565
0.181818182,0.964352136
0.181818182,0.999693353
0.340326963,0.469044146
0.402303828,0.601833532
0.057660276,0.89534829
0.700771766,0.5
0.034286868,0.25
0.633147816,0.242024274
0.351760294,0.157245065
0.736010849,0.128442196
0.866979932,0.128442196
0.999273089,0.128442196
0.963999288,0.085906664
0.908079715,0.030517325
0.668410456,0.008147708
0.533168798,0.188101235
0.798722556,0.09244327
0.696471139,0.047643108
0.015117953,0.008616984
0.77588364,0.038894383
0.843511586,0.120782496
0.435565724,0.620052953
0.396423972,0.497771097
0.350725165,0.51227831
0.071455011,0.409060179
0.202652535,0.37814703
0.826774406,0.255916239
0.218537333,0.831340829
0.618420076,0.945179434
0.281942371,0.999997414
0.437101918,0.961296958
0.052475356,0.766564503
0.9916984,0.172021939
0.839016444,0.172021939
0.996885558,0.945613213
0.171898314,0.948003856
0.021915949,0.173422963
0.781605365,0.794586846
0.150307526,0.086230916
0.889659645,0.55561348
0.332492739,0.373827568
0.734703861,0.054200632
0.408697,0.514433255
0.164810297,0.999747429
0.000211665,0.986620096
0.437102725,0.994449346
0.126076659,0.924432274
0.127319199,0.403065181
0.950845112,0.105935112
0.97639385,0.599157561
0.210629945,0.406025156
0.650444203,0.4326888
0.826957517,0.557841238
0.63844637,0.666592307
0.708386452,0.090642824
0.168722654,0.992034557
0.505903703,0.511292565
0.015057176,0.573643411
0.027966836,0.922413896
0.676738363,0.582419888
0.46537911,0.311722004
0.804582588,0.816701235
0.222621633,0.907542281
0.469123528,0.344442811
0.737232913,0.897435897
0.394661468,0.897435897
0.52956286,0.936088116
0.064186693,0.897435897
0.126871078,0.969240697
0.005754343,0.998919818
0.99668209,0.851851852
0.737304363,0.905726091
0.560879066,0.359649123
0.91103234,0.362668911
0.317911821,0.512240696
0.325719701,0.273087278
0.851103247,0.996092164
0.392978836,0.892769581
0.245076147,0.596932248
0.933168018,0.596838379
0.072166042,0.296581729
0.650679948,0.128775981
0.5,0.091961965
0.196491823,0.874414504
0.745468277,0.199368315
0.677471965,0.493540003
0.153843948,0.666262392
0.971856118,0.971253974
0.968499052,0.905207958
0.039850014,0.901400463
0.715703084,0.743783204
0.458626956,0.503211077
0.257575271,0.037742585
0.518674016,0.769255116
0.221754523,0.003102597
0.133104562,0.044113148
0.104311657,0.164011508
0.627335518,0.076518609
0.311536144,0.005397919
0.186381313,0.170803684
0.019916728,0.031629666
0.523684204,0.08853485
0.446617081,0.928658962
0.482971601,0.953872475
0.000424937,0.534125216
0.193611447,0.984952233
0.24572378,0.86849331
0.310872157,0.623376623
0.144607965,0.580513424
0.507536232,0.000614516
0.313631558,0.217438854
0.313631558,0.347128594
0.024306007,0.146372505
0.184234146,0.508696586
0.09273556,0.508696586
0.108860431,0.482447787
0.301161273,0.956291293
0.255695094,0.926883504
0.533742331,0.002210883
0.436933304,0.256065023
0.095915924,0.950665455
0.886056823,0.416732931
0.383064749,0.25
0.501116423,0.25
0.485787788,0.25
0.183307454,0.315117052
0.596426468,0.088130782
0.491976915,0.508696586
0.33372889,0.362919679
0.178224975,0.932655816
0.356526096,0.845769652
0.241657054,0.451192217
0.241017229,0.451192217
0.916679936,0.008984807
0.291985835,0.036867956
0.35212529,0.510952084
0.515011909,0.006562984
0.814934598,0.566667176
0.197498098,0.913055326
0.476177361,0.898952774
0.653846154,0.912010665
0.962044322,0.232039814
0.983937752,0.999506506
0.401599847,0.950904929
0.710530108,0.999363156
0.600163547,0.489795918
0.660591344,0.932653876
0.265402882,0.508696586
0.864011894,0.633331657
0.052854231,0.001433751
0.011783646,0.929398049
0.264774312,0.869327865
0.143524668,0.286709036
0.662065573,0.102019192
0.218404674,0.210237239
0.542713913,0.22743193
0.787345635,0.003974972
0.171758872,0.212144708
0.178406136,0.533909749
0.219755544,0.819680094
0.094294481,0.756364516
0.068141908,0.9343351
0.741010136,0.921254131
0.722239719,0.547734925
0.882882883,0.828487765
0.782665336,0.281054336
0.951628549,0.138242521
0.175305863,0.78836126
0.301892479,0.270706619
0.920665917,0.082773907
0.043250506,0.438130339
0.056307982,0.503919996
0.185195492,0.996911553
0.289681557,0.210577141
0.119470253,0.012833341
0.611286668,0.133517792
0.984968606,0.145107637
0.406164246,0.49652159
0.665248886,0.012072188
0.28263036,0.038943598
0.981038725,0.014121572
0.329320977,0.023398032
0.18517094,0.076817675
0.031343826,0.673165874
0.067484527,0.05465234
0.334265926,0.318022518
0.180377087,0.439607428
0.473767218,0.516978121
0.04453008,0.353878603
0.080267068,0.428324362
0.055199636,0.997741513
0.052390088,0.694706914
0.152585419,0.138654383
0.000620955,0.085524969
0.608237579,0.418931759
0.631785371,0.781865211
0.578394446,0.162339915
0.5,0.416666667
0.5,0.378229558
0.080922104,0.070746636
0.085469119,0.084348343
0.085469119,0.038139372
0.152585419,0.868290467
0.152585419,0.117716055
0.152585419,0.639004407
0.152585419,0.007655704
0.125498831,0.374937631
0.012189783,0.115898164
0.034549745,0.490746868
0.239013686,0.015479248
0.165182786,0.923823295
0.152585419,0.999996576
0.064936057,0.00110533
0.666810331,0.994888384
0.280642751,0.303247817
0.249515889,0.666693005
0.780264945,0.82459106
0.331755887,0.507088498
0.371273172,0.553339331
0.08126698,0.058456973
0.748266726,0.16991639
0.425754602,0.944685353
0.496695044,0.595887034
0.666666667,0.016044048
0.61948627,0.210757164
0.093194319,0.376891064
0.443524561,0.87172256
0.002222941,0.54722182
0.158552328,0.007428857
0.16138267,0.000101833
0.017676725,0.214154764
0.183723396,0.74916712
0.248090466,0.548205286
0.041180768,0.501409497
0.045696133,0.15711277
0.695924471,0.223658922
0.018671365,0.284593574
0.818231343,0.016347246
0.5,0.328868607
0.326492247,0.447678459
0.991649546,0.645932637
0.470472502,0.050221226
0.402215664,0.918012974
0.127122948,0.321256412
0.619225009,0.140507197
0.985037793,0.017691464
0.199992966,0.057039118
0.294380932,0.098141313
0.316657955,0.996632953
0.549405605,0.394425849
0.5,0.573910558
0.995973409,0.222188267
0.224397754,0.421874598
0.158264836,0.29306249
0.442996524,0.700031525
0.011751582,0.666578147
0.832946504,0.708646891
0.903698625,0.178912668
0.084561169,0.480808682
0.353800706,0.165561808
0.426224267,0.21703351
0.2,0.568270425
0.384615385,0.338480322
0.171068526,0.430093433
0.013727456,0.579970101
0.556051357,0.087612579
0.561485489,0.108299732
0.095236944,0.552556249
0.986933697,0.672677457
0.407281815,0.33156461
0.982725995,0.007505702
0.989126755,0.414153431
0.988873047,0.565217391
0.985435923,0.975439895
0.639477346,0.516298837
0.00289586,0.344800984
0.271590677,0.676209087
0.458255112,0.784883027
0.179475395,0.445895261
0.964596319,0.903256454
0.535269618,0.482812069
0.01790554,0.125
0.012037805,0.5
0.0867648,0.041554329
0.078757446,0.01366214
0.732176739,0.004872969
0.223784928,0.750797554
0.618994413,0.175015703
0.161191241,0.040172433
0.08842331,0.296772778
0.394067928,0.167741562
0.457334012,0.397643902
0.496694502,0.988684958
0.252800637,0.872691599
0.210505664,0.760253153
0.956859372,0.960763795
0.750169501,0.868376254
0.622635314,0.639733062
0.74954677,0.016410899
0.157573792,0.447143386
0.008786251,0.713522975
0.073345791,0.185237036
0.648080826,0.090138811
0.466314679,0.829445758
0.099759097,0.959801685
0.081021687,0.478522268
0.193995843,0.463542922
0.556952276,0.072718345
0.939114081,0.142653921
0.314566369,0.643512857
0.523560877,0.643512857
0.497321473,0.401221454
0.349591419,0.473362638
0.326103171,0.716014573
0.129335844,0.035289554
0.553125403,0.364724215
0.750173948,0.418862853
0.98972114,0.468384256
0.698936944,0.037318812
0.390414464,
0.069039654,0.009773725
0.349591419,0.068694703
0.164561921,0.546166859
0.349591419,0.62705883
0.682537703,0.473525436
0.612133197,0.154072663
0.610935914,0.181334339
0.004610454,0.42459808
0.159619998,0.250703446
0.325847928,0.001286165
0.618697039,0.05135333
0.042873007,0.290927163
0.485033671,0.127471493
0.604553559,0.803487864
0.502530241,0.654017106
0.224132236,0.123720449
0.955985393,0.553554954
0.184310754,0.248221462
0.223462857,0.25069514
0.600211788,0.476051234
0.976214126,0.297876895
0.243698847,0.300431281
0.040600636,0.871460152
0.317317371,0.912169413
0.966357626,0.09327382
0.232169019,0.156794513
0.357008988,0.459038997
0.062172972,0.979035913
0.812602089,0.384464273
0.009433348,0.491984711
0.719764512,0.216924022
0.041480556,0.027377879
0.799634967,0.224630361
0.056069754,0.915861639
0.115685673,0.214689668
0.072369682,0.574845481
0.001259954,0.209334808
0.108295062,0.496794701
0.788796976,0.664659773
0.215079579,0.420074671
0.398041787,0.003599447
0.354391921,0.323473665
0.609586619,0.757364525
0.002347143,0.436872166
0.38249421,0.458679342
0.791363437,0.596837398
0.681429291,0.065464233
0.396911578,0.008757866
0.999417054,0.012057023
0.233222382,0.023806468
0.550745154,0.189255694
0.216252524,0.197701652
0.550745154,0.998343718
0.473767218,0.08830466
0.12803877,0.333139647
0.164468796,0.246024061
0.962169038,0.995658636
0.302282738,0.384289252
0.783809978,0.684923448
0.473767218,0.0009217
0.484712319,5.94E-05
0.854796474,0.438075684
0.301786649,0.041649703
0.482447787,0.143358701
0.131685108,0.289701384
0.972725096,0.075387414
0.667415364,0.365725693
0.53457196,0.034512498
0.931103367,0.666302045
0.589647891,0.980067613
0.380505628,0.010009295
0.200159579,0.740234367
0.562924088,0.19056767
0.200767223,0.985586292
0.321591578,0.085319604
0.188768824,0.000526314
0.28017589,0.610429801
0.008680841,0.526558434
0.593388518,0.999249273
0.812700375,0.582767594
0.220005419,0.012293986
0.466534742,0.910638302
0.844587333,0.169481603
0.391721048,0.962219182
0.566450567,0.999494436
0.192371035,0.427365055
0.622265236,0.280368794
0.446596493,0.434133118
0.027135804,2.73E-06
0.744049492,0.071894388
0.202199196,0.517974481
0.000242566,0.238888667
0.377299554,0.999392547
0.780684986,0.776271354
0.366670461,0.665343319
0.058827318,0.096732915
0.235775096,0.435270375
0.307178608,0.987786937
0.229460935,0.06758217
0.163630552,0.793756012
0.885949473,0.988808326
0.425167317,0.00013046
0.082814531,0.020817389
0.596056569,0.408428201
0.572646959,0.287931204
0.408449688,0.974821224
0.408449688,0.00012443
0.747992878,0.437879739
0.793724551,0.947476778
0.243220481,0.893257277
0.243220481,0.313224703
0.172267641,0.926087934
0.003595881,0.577498902
0.1871002,0.841983029
0.668369017,0.997104582
0.992541328,0.057486754
0.5,0.912286447
0.5,0.783920074
0.508538487,0.955512998
0.624391824,0.279838932
0.258457167,0.592992673
0.400748249,0.243772003
0.872322776,0.999995884
0.389613452,0.995508649
0.013398856,0.795355711
0.07383842,0.098340776
0.585281702,0.139563374
0.098584616,0.166043948
0.362222852,0.481768563
0.169779562,0.495499682
0.447678459,0.47349795
0.669568832,0.028822342
0.139494715,0.247672223
0.601122171,0.807850927
0.364232388,0.11134249
0.617640595,0.12205067
0.473767218,0.664888105
0.173387223,0.063583679
0.629999615,0.975702235
0.60726862,0.917356979
0.996655807,0.999285552
0.963197156,0.077461538
0.371723478,0.99639635
0.001347919,0.975493351
0.821530915,0.766349897
0.92315009,0.990689107
0.450112339,0.720454259
0.527899091,0.993208222
0.527899091,0.057033173
0.527899091,0.845132336
0.74874842,0.997355506
0.658195589,0.995407183
0.941896919,0.077921389
0.422545143,0.946603932
0.872573933,0.003548584
0.872573933,0.83025338
0.699631827,0.784415175
0.416665677,0.064364504
0.189136304,0.001488712
0.299992048,0.019054704
0.258252404,0.001587436
0.512898926,0.0111192
0.70938815,0.483147901
0.421874598,0.000599691
0.927345711,0.999321587
0.236827814,0.528511874
0.828430138,0.999994758
0.567509308,0.480063489
0.025181484,0.609723223
0.004778972,0.489576403
0.5,0.039632668
0.190716427,0.337562458
0.017007866,0.538653925
0.998780811,0.538653925
0.435785909,0.999999999
0.890003019,0.118248747
0.165288245,0.231056825
0.099952666,0.964156102
0.053148167,0.032205378
0.965145183,0.999556689
0.378464315,0.999238703
0.035515791,0.137071723
0.98874959,0.04269557
0.437494418,0.926589336
0.129085113,0.287524347
0.839692529,0.150209324
0.839692529,0.861191032
0.090841311,0.402537129
0.080391999,0.426929069
0.876828935,0.429589767
0.329840914,0.02809673
0.036592992,0.499595637
0.509962227,0.169191215
0.708592331,0.929078946
0.064325985,0.006975408
0.04588192,0.0025803
0.601753339,0.246916399
0.121108071,0.004092565
0.183182173,0.429323977
0.941302547,0.431700818
0.850806923,0.174187419
0.839023594,0.642933582
0.53928603,0.705951473
0.54629021,0.379955533
0.012441574,0.016034018
0.074151175,0.347851423
0.998369833,0.266583981
0.929143121,0.983176302
0.100600249,0.924939016
0.070839873,0.353450927
0.108401391,0.066304896
0.122748261,0.044635924
0.735641678,0.180765514
0.038376369,0.990744354
0.199571285,1.54E-07
0.138992287,0.819307717
0.241938315,0.692583943
0.531047155,0.36649773
0.949446703,0.171333049
0.196642828,0.008964852
0.020171305,0.017773386
0.875644736,0.363716755
0.862380181,0.16674328
0.360044757,0.1630539
0.829826137,0.505720295
0.994072749,0.033100339
0.888025682,0.026267034
0.350800987,0.44297127
0.034539433,0.036384625
0.099017923,0.811659642
0.483067435,0.23227834
0.506101061,0.004820045
0.199717309,0.99637729
0.278207335,0.835848859
0.389109724,0.998851357
0.422545143,0.052623099
0.729275977,0.644266587
0.462818019,0.198303656
0.83022855,0.198303656
0.792638395,0.224032345
0.333149926,0.364589138
0.507536232,0.996895808
0.001761167,0.518591866
0.540803826,0.100087248
0.185697399,0.995541402
0.113778665,0.979565505
0.669568832,0.431948693
0.192947996,0.972559881
0.322338011,0.72698009
0.966606038,0.983781122
0.957863044,0.855376508
0.305626209,0.618060702
0.988405297,0.99999194
0.988405297,0.213881609
0.898773234,0.408859394
0.473767218,0.005160602
0.040538371,0.09023318
0.983233075,0.008016091
0.302889351,0.499315526
0.098788596,0.033571977
0.085469119,0.997137447
0.00107789,0.483903999
0.208329163,0.997151649
0.606619842,0.903059407
0.471781877,0.469933611
0.139494715,0.037510555
0.043736872,0.97556972
0.053541727,0.846822759
0.01977281,0.190566967
0.069198706,0.109189146
0.611763524,0.438526902
0.611763524,0.120953565
0.875863061,0.010254434
0.473767218,0.952786461
0.0181173,0.140504858
0.967756944,0.388777573
0.206584346,0.900008005
0.47352723,0.487082985
0.756683626,0.422421997
0.451105529,0.327387977
0.834504914,0.396864412
0.134616153,0.965802362
0.986413275,0.876108168
0.997519368,0.387558071
0.037668971,0.34375
0.316093059,0.71781023
0.007860259,0.812111616
0.510829127,0.589647891
0.000890268,0.525113169
0.535450361,0.508985926
0.917032792,1.05E-05
0.357582007,0.585931671
0.684153717,0.861036399
0.260628117,0.189859846
0.109858742,0.295851558
0.999335458,0.78653181
0.285425562,0.232430176
0.663991409,0.074468284
0.286179309,0.975452751
0.638892246,0.051141959
0.084551252,0.020157211
0.389690329,0.923193225
0.73091716,0.627178696
0.183723396,0.05236904
0.17921044,0.024088863
0.890142453,0.551455647
0.659466407,0.039146522
0.255608638,0.16885265
0.793912814,0.998776225
0.916778169,0.539293086
0.916778169,0.348159438
0.916778169,0.989184449
0.916778169,0.642868411
0.385243027,0.202841814
0.087974593,0.605370569
0.177192781,0.764366047
0.171954343,0.5
0.067678148,0.710913844
0.23388964,0.106743093
0.416322394,0.171578628
0.047837006,0.079625518
0.047837006,0.228899857
0.504290646,0.604144076
0.478047981,0.000683513
0.000259855,0.416783127
0.000400094,0.620578734
0.304510929,0.99425522
0.049301952,0.045693799
0.711960154,0.199235311
0.710651928,0.473767218
0.334132838,0.94738502
0.000211665,0.994244992
0.020788744,0.473767218
0.341955975,0.046673237
0.014891368,0.077560089
0.942723641,0.675
0.671973887,0.882232931
0.189243246,0.978846722
0.733278868,0.18722993
0.381911031,0.955196815
0.721315086,0.433306369
0.640625,0.566450567
0.611774809,0.84379389
0.333468038,0.226292957
0.840472384,0.326166723
0.286845647,0.980864631
0.150662944,0.817206377
0.347222943,0.600461074
0.002382,0.330326111
0.112148443,0.382994896
0.630479524,0.978977739
0.056621556,0.906593676
0.506513782,0.019969508
0.727212367,0.004422427
0.043172108,0.621561308
0.004234606,0.075357229
0.5,0.001712757
0.5,0.031700359
0.674754828,0.637436027
0.182830083,0.020082783
0.586427343,0.009100327
0.420868713,0.818479162
0.406860008,0.818479162
0.910004321,0.878821211
0.99092918,0.384615385
0.921859989,0.867048777
0.04754482,0.045619045
0.078267785,0.436000938
0.608182048,0.992700334
0.686571656,0.98997315
0.006561391,0.068499562
0.158394748,0.565884627
0.104292242,0.264997263
0.674349591,0.380623081
0.967764969,0.603216763
0.271378678,0.038464099
0.866617233,0.980582072
0.737810488,0.683876296
0.52621329,0.475875047
0.947536253,0.99999793
0.4,0.606344742
0.456734631,0.952004642
0.883246257,0.186911154
0.358892747,0.619908361
0.340425532,0.252675735
0.101153864,0.99915637
0.164614256,0.768282576
0.347528609,0.015401371
0.785867835,0.553635649
0.85030573,0.940521746
0.335057524,0.989161573
0.995927634,0.611601513
0.939018328,0.981249087
,0.610855433
0.966093057,0.514576151
0.980797821,0.052609614
0.424975732,0.767758315
0.836481307,0.049837231
0.5,0.230419519
0.395714286,0.314766852
0.033835253,0.440844198
0.392088154,0.93675378
0.214962586,0.999469171
0.545454545,0.000338588
0.082827772,0.696693555
0.843455651,0.135547332
0.119115977,0.010251318
0.590244463,0.015464504
0.088916115,0.269231608
0.600376587,0.210005815
0.077661689,0.36840487
0.309766353,0.665735909
0.091368161,0.978553358
0.252281458,0.318504494
0.534460777,0.939925414
0.413697309,0.334001515
0.765348139,0.065881113
0.018057563,0.892429532
0.049614912,0.820119693
0.035419378,0.322111583
0.004598524,0.074493202
0.007094544,0.149233908
0.039900063,0.611374121
0.925144039,0.928104374
0.181036905,0.474593435
0.956334614,0.670785546
0.5,0.994004571
0.383735755,0.162140915
0.119467896,0.034734844
0.096292079,0.515754436
0.13641709,0.003522249
0.527226391,0.134581177
0.318318515,0.269553255
0.570227119,0.089296953
0.5,0.503078173
0.130544527,0.999916538
0.264835511,0.131989748
0.599007955,0.623264945
0.914183757,0.825034769
0.658006643,0.538158259
0.576645873,0.738484444
0.107721685,0.071043472
0.246597392,0.659550485
0.860011387,0.937351245
0.303100085,0.147379916
0.691270515,0.474728456
0.655149062,0.021728221
0.000818983,0.316767298
0.162882803,0.000315174
0.163476799,0.814190299
0.049704493,0.42252093
0.481273064,0.030170265
0.676845885,0.312349728
0.297894739,0.395686466
0.15087705,0.133280762
0.000741384,0.342047215
0.022856465,0.157690035
0.37347867,0.742373426
0.519155358,0.999809998
0.000211665,0.629163438
0.088227946,0.938741627
0.299451285,0.740509475
0.734377426,0.300702232
0.953505215,0.710427634
0.482447787,0.9
0.711756362,0.961604474
0.9852062,0.626569352
0.99013938,0.789739406
0.976492371,0.463670202
0.336789485,0.774379598
0.653547233,0.16950433
0.289823931,0.12426788
0.585317898,0.07004366
0.854482053,0.986117911
0.724840333,0.447678459
0.348232752,0.065702266
0.110002505,0.999985187
0.548172688,0.301967332
0.466500123,0.962248786
0.667593072,0.978573641
0.046356165,0.40825055
0.515690616,0.318624237
0.241938315,0.561696927
0.147268508,0.414587397
0.451428002,0.37690175
0.452808,0.661190804
0.030679627,0.41146322
0.576680984,0.001890463
0.316392906,0.231636592
0.896193244,0.765655866
0.03654176,0.416683011
0.430815936,0.029734184
0.840622273,0.082122756
0.165664212,0.511967282
0.61954898,0.940499354
0.526812535,0.060927687
0.808387447,0.166988031
0.299480737,0.349817687
0.110745998,0.442156498
0.027794541,0.548777126
0.042845858,0.904660741
0.702481628,0.721550081
0.007237934,0.901756739
0.011439911,0.901756739
0.399578133,0.198176935
0.496074068,0.014622368
0.593268025,0.84668333
0.298823968,0.773590997
0.760095367,0.307178608
0.472647869,0.70349665
0.109552157,0.343875024
0.571585083,0.473477602
0.048560215,0.343875024
0.150644119,0.767600152
0.321026991,0.739309864
0.992839044,0.346168366
0.729795391,0.289440007
0.827502675,0.452137842
0.937605596,0.985247039
0.989492568,0.610816901
0.522921394,0.75
0.844433315,0.097830555
0.516593905,0.904686115
0.681987224,0.999437291
0.465319176,0.82287201
0.867065204,0.619215406
0.195593135,0.97565531
0.954231411,0.882352941
0.266979412,0.917209198
,0.953719582
0.385293193,0.185974288
0.923538654,0.742301737
0.353185156,0.495374249
0.525270441,0.045298805
0.936171927,0.148145814
0.960793537,0.139563374
0.302787722,0.013385808
0.224664206,0.956374078
0.843269376,0.761611635
0.978997048,0.000243032
0.085788892,0.430815936
0.253475967,0.262730309
0.303034301,0.315542546
0.991243819,0.5
0.542651441,0.233365506
0.401309815,0.891490143
0.876001461,0.139563374
0.000211665,0.902941804
0.111027629,0.078793472
0.215366151,0.04948669
0.619477099,0.212709918
0.999882447,0.20667989
0.119811563,0.20667989
0.091258428,0.529494713
0.555205833,0.578451761
0.027647235,0.018637392
0.149597152,0.574557611
0.095676094,0.535655536
0.848205754,0.320352792
0.451214065,0.442705094
0.589279601,0.599170761
0.917010602,0.634085342
0.822747177,0.262423467
0.570624218,0.042170263
0.168703696,0.081016306
0.006391995,0.03188077
0.105673913,0.663354913
0.672428581,0.216375587
0.031761391,0.436271514
0.5,0.946881231
0.561579303,0.936832436
0.175188467,0.554675266
0.491120257,0.175748256
0.99417934,0.900409565
0.024452217,0.394563382
0.198027956,0.983080437
0.878332134,0.000106183
0.787799493,0.375491575
0.35634315,0.333666558
0.702203287,0.416139288
0.676929349,0.990276013
0.676929349,0.631348861
0.676929349,0.5
0.844786654,0.774962788
0.587526667,0.003752003
0.077074988,0.256279588
0.182913874,0.662510194
0.995417248,0.12446024
0.995417248,0.698976426
0.995417248,0.347317736
0.093751794,0.349869156
0.314902357,0.943284462
0.25,0.987063576
0.62506222,0.999668533
0.72713754,0.834999887
0.449376754,0.897172085
0.522303971,0.931385532
0.861213235,0.230398138
0.594748415,0.983039529
0.829189177,0.682890453
0.099567671,0.744033286
0.985604558,0.478740944
0.000211665,0.447678459
0.266979412,0.891139793
0.336668058,0.247287212
0.517147145,0.178890079
0.54029427,0.252194666
0.054263197,0.380185135
0.476649058,0.466423585
0.708661077,0.456734631
0.973265871,0.857536992
0.032669163,0.184643013
0.922248226,0.409079142
0.542702506,0.992277054
0.17795623,0.309766353
0.659883494,0.999692485
0.002421073,0.526663262
0.012564853,0.814051097
0.061187396,0.656802802
0.023773618,0.035740576
0.569480959,0.10558742
0.340057738,0.241938315
0.146647895,0.834311068
0.478159672,0.390041494
0.152585419,0.701964409
0.314968498,0.976498202
0.357475949,0.877908433
0.706144991,0.5
0.939994773,0.966061534
0.3,0.722480918
0.583453228,0.238537945
0.01673371,0.168245814
0.491450102,0.827992779
0.44508732,0.591079346
0.784883442,0.711287552
0.164439059,0.988150353
0.493067051,0.903732499
0.493067051,0.075446323
0.690753278,0.398083518
0.424757894,0.001402358
0.638071811,0.890142453
0.626652351,0.048211206
0.180980291,0.647679256
0.542243462,0.172561224
0.508696586,0.560771151
0.720337119,0.06098833
0.749345961,0.952207033
0.55638272,0.689888731
0.55638272,0.154089652
0.874863782,0.003729023
0.456295499,0.112998838
0.963149149,0.99807236
0.488836637,0.84379389
0.376589145,0.970869713
0.833333333,0.003274472
0.115886228,0.03178603
0.320209399,0.955747684
0.496609086,0.947238991
0.066273707,1.59E-07
0.584860928,0.973644335
0.255638972,0.779029237
0.507125474,0.013957981
0.923456853,0.016807309
0.099991995,0.642359756
0.512268134,0.002404994
0.58089984,0.25
0.657298725,0.511967282
0.183723396,0.680760127
0.256555084,0.881017514
0.030790155,0.879049922
0.976162265,0.094521639
0.148379467,0.903089807
0.13362292,0.521101723
0.152628476,0.557861114
0.681347193,0.987569377
0.950711734,0.760300461
0.699284301,0.5
0.954848009,0.176272769
0.003846825,0.457599279
0.206656011,0.925532454
0.056821038,0.861333079
0.931380293,0.17541754
0.642933582,0.075410799
0.001450321,0.013872042
0.006839019,0.87429687
0.733333333,0.833271412
0.740414777,0.184770641
0.638959306,0.099096071
0.670851308,0.590070922
0.819506674,0.889007665
0.642933582,0.5
0.922282036,0.478006508
0.649171159,0.686041398
0.047718769,0.330166793
0.75574149,0.448162704
0.116583706,0.063323304
0.461628335,0.53922278
0.116754145,0.344140268
0.237372102,9.52E-07
0.229436906,0.648520958
0.034568033,0.057132487
0.339381199,0.280338772
0.430989456,0.730206992
0.507640384,0.164713004
0.063271305,0.157185128
0.214166364,0.788208082
0.045325573,0.83696638
0.68418759,0.849584132
0.699459094,0.417767463
0.988026153,0.23082834
0.188387382,0.697976811
0.620919318,0.999986269
0.68282325,0.741542635
0.676929349,0.610031275
0.685097679,0.938410588
0.497426629,0.9
0.67697334,0.83004671
0.053393673,0.714971938
0.194909398,0.523866194
0.301476365,0.8
0.575900463,0.486136767
0.087974593,0.773336098
0.533611493,0.84379389
0.763612454,0.480423974
0.763612454,0.473767218
0.33042903,0.844296803
0.877400912,0.938723824
0.508696586,2.43E-10
0.508696586,0.11229499
0.676989252,0.304702709
0.400122939,0.228715753
0.068031078,0.995334353
0.653381675,0.533780244
0.398235062,0.723822378
0.021059864,0.484387631
0.712298452,0.901119812
0.861967123,0.598540534
0.060049476,0.747676998
0.038383154,0.300853171
0.274785501,0.461423823
0.274785501,0.572859016
0.317455156,0.25855972
0.039853378,0.061157038
0.320662183,0.539637831
0.35021441,0.237526658
,0.979384186
0.004556066,0.805104719
0.935619799,0.543212165
0.164001131,0.882456487
0.096170091,0.63085134
0.526232782,0.767758315
0.261908463,0.637329012
0.215201583,0.048829138
0.545845805,0.943284462
0.086853129,0.999765022
0.97728144,0.787407222
0.976338627,0.676929349
0.321829836,0.882352941
0.652420537,0.089988724
0.148945011,0.017809647
0.526232782,0.602459016
0.640749853,0.799408564
0.192394561,0.172268915
0.215741809,0.149930944
0.530509691,0.192472659
0.732579186,0.743662923
0.016073883,0.390784227
0.702004382,0.721114864
0.834311068,0.025612838
0.446921847,0.404544419
0.629769173,0.941828755
0.386660977,0.062914794
0.081556017,0.593883846
0.745528896,0.050311444
0.214239082,0.679785081
0.126869439,0.170052622
0.886778248,0.558449706
0.981936223,0.49518123
0.536997072,0.624020908
0.18828712,0.716992476
0.998492803,0.552081709
0.013914145,0.000358594
0.09191576,0.025852482
0.064427044,0.845581336
0.584412743,0.70509561
0.588342191,0.669568832
0.992942019,0.848725699
0.180883948,0.814352151
0.058637476,0.876228687
0.2,0.979680813
0.611539938,0.329684781
0.943437344,0.402802801
0.434835243,0.163644275
0.67130686,0.433124587
0.47826087,0.883763328
0.188582012,0.298147238
0.53202695,0.5
0.797828491,0.684800264
0.676929349,0.684800264
0.676929349,0.997939167
0.961255707,0.330259739
0.956151603,0.094664034
0.241951174,0.009480775
0.210437277,0.348501814
0.792219799,0.967898496
0.742479735,0.577864261
0.126746378,0.011488124
0.631985497,0.133490044
0.061430813,0.09253028
0.89955244,0.253785614
0.86910032,0.918670664
0.611918028,0.95173976
0.021703578,0.163224416
0.413251556,0.119137111
0.975777157,0.989275856
0.562015493,0.964188709
0.469628034,0.579512295
0.999976788,0.961421523
0.151087985,0.473767218
0.999999965,0.999133505
0.026395767,0.98224282
0.69028046,0.810850138
0.330935252,0.298213644
0.597894479,0.168862262
0.462475796,0.625914617
0.392720679,0.705275161
0.276583729,0.448966884
0.209109267,0.629230997
0.813936076,0.012335127
0.971826069,0.923523526
0.994207325,0.098439587
0.27086312,0.480964476
0.782384062,0.345167908
0.160283966,0.426740889
0.655679585,0.835364472
0.784411938,0.414026277
0.337692626,0.410330474
0.382362643,0.750322578
0.273706624,0.475211464
0.587243637,0.448186095
0.813376663,0.941359187
0.005424223,0.983624532
0.491664086,0.734028334
0.689588504,0.672236631
0.010914119,0.156895981
0.375078038,0.571876852
0.01317507,0.974473861
0.125,0.032454259
0.863726434,0.382545952
0.186644003,0.382545952
0.862695886,0.508696586
0.927306682,0.294196732
0.600300913,0.817722878
0.312172104,0.177580006
0.125536394,0.254735745
0.764923832,0.516999188
0.06886072,0.031020725
0.708942958,0.000301835
0.491369129,0.989396658
0.602124759,0.996570829
0.309471465,0.645541507
0.850303632,0.98180585
0.819897661,0.008993153
0.596566524,0.491138962
0.525240398,0.902589552
0.305094124,0.851362517
0.969204106,0.41146322
0.73615077,0.41146322
0.604991703,0.41146322
0.503272058,0.41146322
0.429591603,0.804675603
0.925261706,0.74138806
0.432561478,0.862537803
0.227364611,0.586209109
0.999622477,0.976364892
0.642933582,0.009122492
0.5,0.69204034
0.979734236,0.738327016
0.750568757,0.883083453
0.223660291,0.962105589
0.034595246,0.686429307
0.04337182,0.913095561
0.930454124,0.862905858
0.031596285,0.986289034
0.999999701,0.209738685
0.174822987,0.007353716
0.992995569,0.734193832
0.688914513,0.874863782
0.362981491,0.18068875
0.327684459,0.018678214
0.788981168,0.458964624
0.402890146,0.725051751
0.93544358,0.024683675
0.958573082,0.033963728
0.139889024,0.675124805
0.016920468,0.179795906
0.645803272,0.420784346
0.011646755,0.047488387
0.804648841,0.050873009
0.804648841,0.240070145
0.567958141,0.202503468
0.804648841,0.03812756
0.821839218,0.482447787
0.982909253,0.51227831
0.804648841,0.115364137
0.065473838,0.132538765
0.080302089,0.526994224
0.002546867,0.601173622
0.01966521,0.986315233
0.008613571,0.027910726
0.002728579,0.977949077
0.0292938,0.871638701
0.280972808,0.887529743
0.012613801,0.879862619
0.145776882,0.999318501
0.003231368,0.999915106
0.540310057,0.990023497
0.209188349,0.311591786
0.5,0.322468404
0.366972477,0.975767381
0.366175325,0.951896694
0.983195186,0.982625001
0.983195186,0.007597991
0.508696586,0.749701162
0.893498622,0.053467385
0.973460513,0.523238662
0.436843856,0.355145572
0.022358115,0.999726064
0.801256317,0.067397755
0.064878655,0.181857546
0.376569038,0.468636957
0.434361573,0.511967282
0.508696586,0.014136727
0.5,0.900747367
0.767155614,0.666666667
0.051421061,0.907189472
0.077126814,0.033067409
0.667847948,0.07203254
0.864189935,0.509660048
0.224092214,0.66089961
0.327356935,0.338823915
0.066610134,0.902772804
0.63659832,0.988332327
0.492701244,0.998125654
0.378748585,0.999652461
0.060252347,0.261030146
0.190368507,0.426809789
0.07236917,0.013221899
0.892207387,0.027240733
0.135865221,0.329396106
0.609377657,0.809371495
0.569693759,0.955768685
0.654082983,0.285218282
0.023320483,0.285218282
0.109733964,0.472307477
0.521669284,0.76783092
0.003608191,0.128435729
0.5,0.828182436
0.252847079,0.935443929
0.698749013,0.699459094
0.420327613,0.007465381
0.728755469,0.989787495
0.001169903,0.999810778
0.201184477,0.744366067
0.446287307,0.248367141
0.353927871,0.676929349
0.903301086,0.676929349
0.398710821,0.918339721
0.523145325,0.000400165
0.398899893,0.989100048
0.03990733,0.923089815
0.389274515,0.818111192
0.146033323,0.787120315
0.015999837,0.060558754
0.015999837,0.917908631
0.986270397,0.191195869
0.985901741,0.991837737
0.830989377,0.129325922
0.941176471,0.107808876
0.705951473,0.754928159
0.375283739,6.92E-05
0.281624285,0.24921283
0.482239405,0.748741595
0.5,0.118519796
0.428652969,0.193186157
0.1492793,0.972447699
0.576504657,0.491781461
0.456734631,0.592870186
0.454014224,0.521400436
0.450426059,0.156737757
,0.565217391
0.488920187,0.953092135
0.388101983,0.249724001
,0.011575974
0.42352229,0.32812365
0.310661951,0.511967282
0.508696586,0.200298283
0.226365193,0.133285446
0.342538207,0.075882977
0.300482252,0.577271218
0.277502223,0.964254389
0.254353164,0.889308249
0.263710503,0.129214068
0.415077497,0.416971481
0.883830803,0.999960181
0.668783746,0.138889756
0.798201957,0.040915445
0.688464399,0.026211073
0.081797564,0.406857476
0.07666809,0.999752604
0.02400952,0.513928702
0.144426164,0.395410344
0.500332369,0.096614017
0.294117647,0.637530046
0.530471688,0.295941995
0.055385382,0.526709625
0.5,0.418926686
0.949358456,0.418926686
0.483486235,0.414634146
0.992100547,0.431930914
0.376332123,0.742048801
0.878995132,0.459511646
0.961634571,0.168014463
0.109120518,0.008159626
0.900836747,0.508696586
0.10796206,0.004351626
0.279503106,0.281542353
0.270297292,0.388568309
0.270297292,0.931416888
0.270297292,0.397612464
0.288167457,0.780900862
0.910493316,0.982414707
0.664062592,0.002089095
0.485058004,0.953399397
0.24058515,0.935861749
0.582690891,0.590729221
0.744590496,0.452141868
0.427887567,0.578436232
0.866440484,0.320937629
0.894040924,0.27048318
0.000330143,0.295772179
0.958475573,0.841372816
0.944087559,0.510655079
0.688559003,0.593839388
0.362969285,0.100806372
0.984599229,0.999209656
0.120750431,0.854524201
0.625215837,0.626712329
0.366593146,0.677985789
0.71195682,0.75244604
0.345961508,0.991535239
0.596066275,0.282560127
0.776684605,1.56E-06
0.808888889,0.188419412
0.044920788,0.558767753
0.433549633,0.824516492
0.227572806,0.949745306
0.456603358,0.291898591
0.69717469,0.961352568
0.912213241,0.936021544
0.153481248,
0.997809038,0.955995615
0.330248566,0.383553311
0.330248566,0.100343855
0.330248566,0.417181805
0.221107089,0.031832075
0.777812555,0.4080636
0.54971328,0.094590519
0.929363547,0.55532606
0.226094948,0.248273082
0.284602698,0.964733934
0.284602698,0.104371727
0.006318649,0.816039045
0.444753273,0.844752936
0.458018425,0.198878629
0.608648787,0.183723396
0.647662983,0.121955146
0.5,0.966210321
0.640253856,0.873321576
0.413382485,0.218827374
0.94460529,0.907443165
0.165020929,0.672501903
0.909956095,0.507712528
0.176400822,0.81973807
0.305626209,0.862748494
0.333429824,0.833401124
0.710760277,0.833283985
0.281624285,0.542977632
0.496657666,0.462716039
0.998726149,0.676929349
,0.017622619
0.145492275,0.940356778
0.272008275,0.886469456
0.201728904,0.120035164
0.329593186,0.562896783
0.517054421,0.774844636
0.384694741,0.223531212
0.326923077,0.864719922
0.081493237,0.35199647
0.26262525,0.35199647
0.838382615,0.81352748
0.9,0.473767218
0.849831564,0.415588519
0.735789389,0.361896267
0.458516598,0.800271769
0.29116565,0.069949022
0.960302249,0.089197084
0.839372705,0.089197084
0.402247238,0.465478765
0.802057134,0.114678873
0.829818435,0.285394465
0.430575446,0.487110718
0.42140941,0.951538946
0.830886151,0.150098017
0.171758872,0.0004952
0.001365654,0.157207536
0.264675363,0.394140703
0.074447517,0.181123135
0.829546222,0.434174382
0.547779847,0.2524621
0.552960521,0.001600418
0.253542136,0.816691557
0.702121708,0.11460972
0.450746749,0.368666738
0.613605731,0.405126343
0.086665856,0.348020932
0.098476693,0.898815872
0.571206598,0.158210099
0.287743707,0.65029634
0.034190402,0.10656247
0.360272846,0.115793086
0.402303828,0.863191803
0.175187826,0.992634282
0.165269049,0.035175089
0.194692854,0.252565662
0.2089763,0.497944404
0.191048045,0.539582337
0.417293236,0.263596124
0.037948685,0.893189156
0.294877962,0.168811706
0.294877962,0.79388798
0.092701375,0.486913521
0.089724778,0.633582426
0.852253767,0.975123986
0.225662526,0.971600098
0.225662526,0.634417244
0.073518908,0.961009903
0.200639546,0.79650533
0.294877962,0.214830859
0.225662526,0.19690168
0.225662526,0.511102393
0.153663423,0.500478183
0.213428394,0.509174616
0.225662526,0.999974919
0.774628124,0.630443907
0.92539201,0.419398995
0.108269554,0.919341898
0.064281658,0.218740219
0.192910894,0.673192866
0.406437596,0.729795391
0.330710858,0.5
0.441770249,0.854608987
0.138201259,0.370187371
0.169223395,0.661065084
0.486656728,0.637213046
0.555545108,0.087557249
0.514950921,0.83552882
0.998324843,0.000131384
0.473767218,0.085361081
0.803951855,0.004641552
0.37035724,0.153392796
0.287754619,0.994236317
0.476351351,0.228309336
0.000329359,0.763211726
0.772066051,0.028740658
0.302402879,0.80425818
0.367075487,0.068422051
0.551211002,0.67466726
0.401197566,0.403145293
0.979784346,0.403145293
0.482433935,0.999545924
0.75,0.2524621
0.814183118,0.006151107
0.467459715,0.443022124
0.45305441,0.04983406
0.160123926,0.289330425
0.587148551,0.370324494
0.169547681,0.655556037
0.178362464,0.133660774
0.292799783,0.02139577
0.34388951,0.330326111
0.072696665,0.538925991
0.326492247,0.839278633
0.245097972,0.989349115
0.245097972,0.009101887
0.907859544,0.113933119
0.011795051,0.144603937
0.672764204,0.044352573
0.264054306,0.474877505
0.747092544,0.986682279
0.409833782,0.80661767
0.171963177,0.41127251
0.91819183,0.288746725
0.000417079,0.778233898
0.090363243,0.107730298
0.116263773,0.08871221
0.213081341,0.43856433
0.148183627,0.421268771
0.77068709,0.040547584
0.821983672,0.964148954
0.309392804,0.804648841
0.309392804,0.262938224
0.718737003,0.093073474
0.456734631,0.452137268
0.480002851,0.076963649
0.716083566,0.195347354
0.482889734,0.260871003
0.730384825,0.007132493
0.082521014,0.340425532
0.018002245,0.340425532
0.367067137,0.010382622
0.169000836,0.000613932
0.907865,0.724528844
0.131619888,0.002523829
0.264010436,0.861172601
0.299116998,0.540382755
0.502326646,0.262213707
0.029460017,0.904552409
0.098679067,0.912242639
0.059619082,0.531730744
0.174805304,0.706408765
0.036401272,0.131517608
0.58433355,0.889579653
0.861213235,0.81622577
0.074098346,0.524953377
0.869960348,0.5
0.482889734,0.911521652
0.105252998,0.889073469
0.278760815,0.512006882
0.997038244,0.687801604
0.40380772,0.91493122
0.425915324,0.856752127
0.269647815,0.289992562
0.041473638,0.554922763
0.410839959,0.972428313
0.58509632,0.329090043
0.780495912,0.472647869
0.93720377,0.924863947
0.821295111,0.318905744
0.701451173,0.929491258
0.240835933,0.104266734
0.95242121,0.012199837
0.439229838,0.854877093
,0.266142682
0.463542264,0.999999759
0.827128457,0.980963544
0.217630059,0.584030301
0.229151552,0.732841455
0.259288348,0.055040455
0.658932377,0.088447936
0.84214404,0.081231046
0.7033594,0.242762337
0.482447787,0.614000948
0.821581368,0.921892995
0.362809966,0.473767218
0.07763206,0.708592331
0.09546015,0.505543452
0.481307203,0.152585419
0.166666667,0.744339047
0.040587127,0.714811898
0.964661674,0.592933379
0.900544381,0.708141536
0.362028004,0.76132953
0.217732415,0.433461173
0.47270651,0.901131399
0.919298918,0.261595875
0.130898727,0.888557826
0.550745154,0.676548031
0.386210081,0.177728874
0.075651548,0.534160827
0.003846148,0.879355589
0.894123634,0.326376006
0.560531406,0.374386191
0.516228564,0.994924725
0.946494991,0.447254227
0.041634087,0.553339331
0.930837074,0.135474825
0.930837074,0.729795391
0.80582452,0.281624285
0.186101444,0.112141104
0.452234098,0.027379969
0.011101679,0.017380933
0.72419582,0.14276074
0.059247631,0.080233836
0.554075425,0.158302813
0.956521739,0.46932876
0.5,0.768391311
0.074047635,0.347784307
0.129379679,0.003875829
0.785587081,0.350759042
0.231373245,0.482084884
0.204641197,0.403087569
0.004931221,0.777142581
0.841022208,0.27753735
0.067348366,0.215334964
0.230913347,0.463358032
0.525113169,0.463358032
0.525113169,0.579508604
0.965041074,0.110856971
0.303001445,0.4293781
0.515069041,0.956302431
0.243510335,0.945321646
0.856199756,0.028282193
0.998389877,0.204538358
0.5,0.35827076
0.832275058,0.279807029
0.508209539,0.967368708
0.427797623,0.029156454
0.421806924,0.150098017
0.566146881,0.031530761
0.075726854,0.034341338
0.677370998,0.034341338
0.770122823,0.034341338
0.615384615,0.034341338
0.60183629,0.034341338
0.046298009,0.422099144
0.239021381,0.422099144
0.985037793,0.002238578
0.978604495,0.034341338
0.657881081,0.034341338
0.053418298,0.068345417
0.067008352,0.034341338
0.499199927,0.034341338
0.530509691,0.568023208
0.863251954,0.3342975
0.027188332,0.841480835
0.473087461,0.569239117
0.530509691,0.786646798
0.977504809,0.994998582
0.486734436,0.97412799
0.189674238,0.949865979
0.220343853,0.357572569
0.319290822,0.892373405
0.04278836,0.962038576
0.653381675,0.046825845
0.406086296,0.007043954
0.406086296,0.717450566
0.028292764,0.018725166
0.625346937,0.088258703
0.642705273,0.452343781
0.241511211,0.666666667
0.624938296,0.068079619
0.727243384,0.693245511
0.381039791,0.704463031
0.948486551,0.115285912
0.779357452,0.192199059
0.080791446,0.062467803
0.084864767,0.189433006
0.670289189,0.544976095
0.545490369,0.051495503
0.675148483,0.770772491
0.675148483,0.5786241
0.089863802,0.929992509
0.554378151,0.836922814
0.601833532,0.574549474
0.601833532,0.285783697
0.956920067,0.168545172
0.972387398,0.155715991
0.014632125,0.96483113
0.1661893,0.972670901
0.630941831,0.098968236
0.052630135,0.999475528
0.12620722,0.244033949
0.442978753,0.939147513
0.752873563,0.113957665
0.739574751,0.685359787
0.950137267,0.500650774
0.987930342,0.500650774
0.419160567,0.632519672
0.482447787,0.471543828
0.988231884,0.077801063
0.116541881,0.49665585
0.534806166,4.25E-05
0.936097502,0.590733591
0.429178721,0.193780183
0.994138312,0.413793103
0.77250439,0.5
0.274443172,0.881153341
0.48242702,0.197479903
0.212851941,0.408098021
0.305737651,0.469825931
0.060884742,0.091400045
0.849670987,0.459159655
0.24480853,0.811736111
0.82473629,0.222963355
0.926634591,0.069439052
0.999999995,0.001729114
0.570199365,0.095790191
0.339690034,0.167049458
0.896244452,0.706104178
0.886516099,0.001529764
0.755174716,0.015608086
0.875579583,0.780680798
0.877901553,0.99935486
0.434854806,0.969995158
0.526232782,0.354861059
0.994741655,0.315845276
0.318521178,0.974034289
0.166050351,0.565337064
0.958012987,0.046860059
0.394766643,0.163697207
0.246748168,0.5
0.476479464,0.469102894
0.978767027,0.978501004
0.762688994,0.563374646
0.277936427,0.016751386
0.299116998,0.326919909
0.435858553,0.694372297
0.878256361,0.958333333
0.442243018,0.788517066
0.5,0.415024458
0.334,0.034341338
0.021719864,0.384819104
0.912742029,0.601477926
0.796273984,0.673947993
0.34432176,0.63848147
0.934801287,0.773321161
0.04067758,0.058016606
0.459770905,0.03243937
0.042342497,0.237138777
0.48952252,0.256569078
0.32478147,0.509665111
0.517511611,0.6875
0.621594946,0.765323157
0.000211665,0.515660177
0.866463802,0.005352963
0.360009008,0.072081642
0.610659285,0.073906584
0.745413442,0.784200777
0.402031361,0.117029919
0.472063299,0.74992248
0.946143892,0.826593198
0.619274974,0.098044534
0.449727937,0.26457091
0.853153263,0.806864157
0.054966422,0.917874396
0.451721906,0.917874396
0.873691018,0.790808779
0.659278933,0.917874396
0.345901702,0.974929506
0.721164408,0.253424112
0.090776154,0.311545404
0.837435687,0.364937789
0.060328741,0.22495615
0.018090424,0.319502697
0.365378608,0.855423317
0.317311978,0.989263159
0.944300348,0.35376882
0.555683951,0.016049168
0.114907472,0.505090741
0.188773012,0.928731688
0.210686647,0.23082834
0.843960697,0.62936231
0.331159346,0.315250475
0.80196438,0.327831217
0.912435512,0.124137931
0.04385065,0.788903956
0.562985335,0.686102604
0.919319298,0.674672368
0.083306624,0.999371935
0.330935252,0.069406492
0.892970808,0.583119273
0.489868742,0.876811844
0.622770982,0.378462219
0.339755322,0.898880265
0.008741839,0.83245832
0.136984238,0.911894902
0.51207975,0.063572793
0.769032804,2.07E-07
0.000211665,0.013050692
0.034792576,0.301897157
0.459389723,0.291285986
0.55000173,0.335726212
0.830072007,0.016381011
0.466011759,0.566168253
0.466011759,0.125284992
0.476776919,0.250632601
0.900653174,0.989185369
0.999999899,0.527073145
0.063740603,0.044818488
0.979291481,0.925721545
0.398644127,0.468194693
0.429085787,0.770784211
0.93943905,0.618230749
0.259533949,0.879646558
0.163534364,0.988949997
0.433537418,0.456734631
0.573403657,0.490150114
0.001258411,0.689775223
0.237827569,0.073524649
0.570891145,0.747584645
0.656715681,0.177778609
0.237062915,0.841451933
0.357423897,0.321252999
0.42957149,0.984090224
0.486446871,0.941245554
0.831091026,0.155639319
0.801102895,0.715815185
0.822226788,0.611912931
0.64955348,0.864346876
0.545860225,0.241556
0.790815954,0.999981068
0.37699943,0.846275083
0.647114665,0.363248653
0.235036409,0.259156687
,0.947113489
,0.764765785
,0.447205005
,0.149594536
,0.116255463
,0.987326781
,0.423237915
,0.379661428
,0.303658662
,0.122866077
,0.34375
,0.515870345
,0.755476985
,0.999843564
,0.906162618
,0.621317278
,0.627984764
,0.917615721
,0.877583223
,0.189494565
,0.316622607
,0.243762483
,0.542408555
,0.018876179
,0.204468813
,0.504306811
,0.023377222
,0.816753434
,0.816753434
,0.23922704
,0.985705242
,0.201105861
,0.961050684
,0.9248431
,0.534872056
,0.067940691
,0.260037849
,0.740323753
,0.398525574
,0.395519733
,0.389812613
,0.6896173
,0.180021972
,0.514705882
,0.41392014
,0.452245084
,0.776224159
,0.635768217
,0.799422371
,0.064632843
,0.712480215
,0.443179155
,0.829992271
,0.685
,0.928658962
,0.947742202
,0.648401717
,0.491675683
,0.142137654
,0.188381797
,0.968293255
,0.477046466
,0.055191365
,0.267761217
,0.393962371
,0.406586264
,0.732290727
,0.995793806
,0.354913568
,0.848493887
,0.348344415
,0.910270067
,0.96967163
,0.740323753
,0.814381947
,0.5
,0.063385252
,0.107127915
,0.015551823
,0.116639574
,0.984657927
,0.315579641
,0.100024037
,0.970090233
,0.648151874
,0.321035288
,0.060493427
,0.016106691
,0.135859107
,0.368999476
,0.988711681
,0.519597417
,0.458735846
,0.5
,0.996033881
,0.999973101
,0.902051441
,0.549341784
,0.863251954
,0.512985293
,0.064031747
,0.468926636
,0.038074163
,0.018804235
,0.128899015
,0.785101228
,0.181874774
,0.401250632
,0.401250632
,0.688691535
,0.852007351
,0.49599726
,0.197772437
,0.673957738
,0.333975309
,0.141714679
,0.29080193
,0.340559571
,0.581773448
,0.090897362
,0.039181742
,0.234042969
,0.804878049
,0.760488458
,0.467659016
,0.761934631
,0.917680199
,0.199358285
,0.931660024
,0.629769173
,0.629769173
,0.629769173
,0.629769173
,0.629769173
,0.629769173
,0.629769173
,0.629769173
,0.629769173
,0.629769173
,0.629769173
,0.212488823
,0.629769173
,0.629769173
,0.760926105
,0.727954298
,0.11133036
,0.985779432
,0.989053561
,0.470337133
,0.675148483
,0.675148483
,0.675148483
,0.675148483
,0.675148483
,0.675148483
,0.675148483
,0.678012469
,0.986288973
,0.608690237
,0.86878914
,0.760926105
,0.98795788
,0.887013398
,0.636005643
,0.636005643
,0.636005643
,0.681926239
,0.974645754
,0.925509871
,0.675148483
,0.911335093
,0.501707724
,0.824490709
,0.797957703
,0.635595805
,0.804118481
,0.71584348
,0.71584348
,0.71584348
,0.71584348
,0.71584348
,0.71584348
,0.71584348
,0.71584348
,0.529061494
,0.794151772
,0.91460567
,0.551127118
,0.961368584
,0.00010467
,0.999501162
,0.601833532
,0.696107972
,0.942373579
,0.942373579
,0.618477751
,0.016599284
,0.575085461
,0.5
,0.957062818
,0.789623477
,0.202580246
,0.997876982
,0.515532859
,0.396439072
,0.436205322
,0.696799142
,0.575850729
,0.630643625
,0.998790242
,0.913544555
,0.067006414
,0.861688646
,0.484123122
,0.600081695
,0.127002206
,0.33874639
,0.788954769
,0.65318423
,0.443227582
,0.984832897
,0.73751429
,0.994819991
,0.25239548
,0.042687778
,0.71401668
,0.690602548
,0.999681988
,0.845382567
,0.975975694
,0.12663724
,0.75905205
,0.981673751
,0.670850702
,0.581484733
,0.988066507
,0.168240911
,0.235651951
,0.706104501
,0.502093714
,0.523114933
,0.812368666
,0.478554966
,0.22695773
,0.079918704
,0.347499503
,0.997180511
,0.337834396
,0.696919299
,0.999954819
,0.120796448
,0.303456751
,0.178844021
,0.958131227
,0.496074068
,0.993457466
,0.746674261
,0.999785196
,0.905436344
,0.189492041
,0.456140351
,0.904676811
,0.258724926
,0.824484835
,0.836319277
,0.887057578
,0.251629259
,0.022010768
,0.277404922
,0.511967282
,0.549916447
,0.982852261
,0.878891255
,0.337346593
,0.25661381
,0.473767218
,0.201415127
,0.506349661
,0.237664891
,0.583733022
,0.629709396
,0.733432413
,0.371802421
,0.949677095
,0.909624037
,0.666666667
,0.666666667
,0.519649169
,0.931055858
,0.878084428
,0.877808243
,0.988883041
,0.06128302
,0.27549067
,0.948261875
,0.507125474
,0.869327865
,0.778072694
,0.827824232
,0.958897644
,0.992943836
,0.247520043
,0.99994025
,0.994159272
,0.470918398
,0.470428581
,0.198453499
,0.378782819
,0.960826096
,0.381772076
,0.23174265
,0.695591552
,0.624616392
,0.951932631
,0.498824665
,0.41798203
,0.969083206
,0.371927663
,0.891288022
,0.903234127
,0.769206826
,0.921045485
,0.816611777
,0.859927906
,0.306578928
,0.104679133
,0.652825885
,0.327915951
,0.342791249
,0.541372042
,0.01298449
,0.904799534
,0.805836334
,0.968967423
,0.000585238
,0.07583878
,0.989980729
,0.177974854
,0.0650448
,0.723948263
,0.999691676
,0.981329029
,0.393233233
,0.879443357
,0.210946706
,0.741164407
,0.928188057
,0.78721457
,0.784168069
,0.946167465
,0.072964721
,0.929111697
,0.379007664
,0.37457892
,0.617632889
,0.822078724
,0.632988745
,0.510667672
,0.334470818
,0.00799184
,0.995459272
